"","Wheat_Hrw2[-1, 1]","Rd_Long_Tot","Rd_Long_NoProd","Rd_Short_Tot","Rd_Short_NoProd","Rd_Net","Rd_Net_NoProd","Rd_Merc_Long","Rd_Merc_Short","Rd_Swap_Long","Rd_Swap_Short","Rd_Money_Long","Rd_Money_Short","Rd_Other_Long","Rd_Other_Short"
"1","2013-12-24",0.317098637459345,-3.95617931843439,1.77061099203382,10.1812831017586,-1419,-6915,11.9113500169084,-2.95518909908346,-3.65777637710707,12.2493359956567,-6.28622598053621,14.8703630664997,2.51580232183475,-2.51067930014433
"2","2013-12-31",1.96725346075706,0.713978861944575,1.23128972313857,7.33938647340597,981,-2312,5.04242060252054,-2.62044722675068,-3.84100909106433,-56.4011399408461,7.38459210522571,9.58493200859021,-8.11030079571946,4.64816525861771
"3","2014-01-07",1.09012991088218,0.00988056863473474,2.40847620547502,2.37293524275941,-1239,-972,3.6373999571218,2.43202335993349,2.10349286426759,-282.226033203702,2.30616300429709,7.03919646037754,-15.3709336614877,-8.53099962658312
"4","2014-01-14",0.619106511565981,0.788524410656422,0.909217963699227,5.44134962677063,-238,-1696,0.22567891768297,-2.20979563925692,0.0496216360510005,328.61882728885,1.68850562811897,5.29735581159461,-0.480436519053917,-1.48052643551075
"5","2014-01-21",2.2445234134338,1.6611253753954,2.03128623348388,2.46881908540004,476,264,3.59007883749634,1.71726989821543,1.67569909696557,0.552487593196993,3.75940794878815,2.25774346610006,-7.91423568324863,3.42465500375777
"6","2014-01-28",0.787303745693713,-1.59498051574651,1.14417408231891,2.02442708675292,-300,-2238,6.02521081384459,0.505204029489548,-3.06506564442621,14.466069164241,-3.29567079919411,0.456240076156789,11.2090971731396,6.76797584674382
"7","2014-02-04",1.19369855869351,-0.664658355373682,1.94508230393104,-1.43146373755165,-702,115,5.01690817527862,4.34453254247327,-0.125837623174263,21.3803284632021,2.84941916915251,-6.7420897892843,-18.899178069565,13.606637547165
"8","2014-02-11",-7.13040615087674,-1.78721651813909,-7.76466970373715,-12.7733476399667,-52,4019,-18.7566138263747,-4.44759019252601,2.77536904507265,20.5471472805508,-6.15452296639916,-24.5678790021211,1.71156354769693,12.4331898440243
"9","2014-02-18",-1.40592046127441,2.65004734836527,-3.09044488339278,-14.2490163635291,1555,7458,-11.7296223246059,3.40125878815307,1.53435492247542,-23.6754571186172,0.995160363678949,-22.091294865796,14.2559624901294,0.594803035923874
"10","2014-02-25",-1.90919119989825,1.7769040035164,-2.08060721670886,-4.25020223434505,-55,2912,-12.7497538165164,-0.944340630991825,1.31198527106928,12.8429023269778,1.49071711251079,-23.1558408608324,4.57490560429896,18.9114513661814
"11","2014-03-04",-2.54062276098548,-0.616579705993558,-2.1801395323644,-15.5679245503629,-639,4286,-8.88397237787526,4.07483155789947,-0.0714455853206175,-17.3106504190215,3.36114291742291,-23.2243128591513,-20.8933091950932,-8.00639569165327
"12","2014-03-11",-1.78238990935267,-0.873548134030777,-1.71120750694875,-14.1897071315944,-263,3048,-4.97017838525302,3.13487870236013,-2.86066053378047,-1.0438508143924,1.29861003619087,-38.9640066963768,-3.99540977559418,3.06042245935281
"13","2014-03-18",3.38358252148989,1.10039041912398,3.67658569969969,-9.61642769925923,87,3174,11.1553940175154,8.01169282604786,-0.867911394136023,3.70794279685107,3.0899315525291,-38.0639948629137,-1.59350181599525,3.25521263170909
"14","2014-03-25",8.47089411303585,5.42898487896686,10.5829293333761,-2.73197854764238,-1304,5234,17.7294503849106,14.2355285814105,3.04128399914028,-9.65242633205126,8.98369277801763,-36.6234836964164,-5.73692730921795,8.3130021276931
"15","2014-04-01",-1.40237784857042,0.863838060957001,-1.98678335995535,-8.51486525499556,490,2543,-8.1899186867453,-0.407803110168992,-2.82822560541014,31.0526054676627,4.14930042538657,-20.0405232227251,-4.41195196726643,-8.39732189918809
"16","2014-04-08",-0.142528443951484,-2.78863672267846,-0.0197302592349402,15.0362188443353,-145,-5685,7.724740621941,-3.86610503806182,2.14221978597688,6.09606997896872,-6.87835533400474,35.6090831772592,1.94971984399999,10.5399448129459
"17","2014-04-15",-1.84271077177058,-4.42074074634675,-2.44737030315587,-3.01727322946839,448,-3023,5.09221862972407,-2.28806729816817,2.19185220685354,-3.43783855081288,-11.2903206811662,-0.389304866237516,6.24199240278873,-3.74843098715356
"18","2014-04-22",-0.804028847582927,2.39049462055849,-1.17878035135153,-0.723113857832303,302,2152,-9.49919379940258,-1.30605806852273,0.647708794475932,2.51190600953324,2.67318330412483,29.8605564254995,8.54533749809949,-12.1701214617774
"19","2014-04-29",1.44871678527814,2.92579351967337,3.78763635774728,7.56492084665332,-2308,735,-2.94599806884825,2.70338277638835,2.32916047244291,-45.6758402495715,4.29328327880452,24.5016504784758,-1.86921330121521,2.8020602430054
"20","2014-05-06",2.93901922180169,1.3574791336282,4.90505682170372,-4.03061317283147,-1929,2142,7.63495912936065,7.38790193343473,-1.51664686901896,-2.72969802056711,2.49996159045871,-2.73095753949395,7.29948146084514,-4.83574726550842
"21","2014-05-13",-2.12408089796998,-0.917862341651521,-2.30127834490883,12.7231505707785,58,-3960,-5.67867550338566,-6.64767745479224,-0.660029848583932,-46.7742037629679,-1.5912249533228,18.3280711179091,1.56508684022754,11.922620529305
"22","2014-05-20",1.20199319269805,-1.58801471354177,-0.110655392937886,-1.85629041122493,1523,-886,9.17911330999921,0.438879339482412,-1.95284032956415,0,-2.69341140356119,13.516188315185,5.25961884439159,-12.5746367207848
"23","2014-05-27",-0.191931270772727,-2.93606022445001,-1.99528838077523,-2.94990484464375,1934,-1726,6.88685053063836,-1.70005243901166,1.53589166785615,42.4033280837033,-7.70287143413189,-8.9119474483331,2.185938813947,-0.422923024120081
"24","2014-06-03",1.52102886204784,2.07955655552912,0.293606582643235,6.92178478322987,1480,-56,0.135665222683379,-1.83504946086739,-1.07085774090994,-2.39373131439269,3.37413426024984,9.63102374131051,7.65944283946194,5.39668381412497
"25","2014-06-10",-5.16686976848835,-3.7710005279127,-3.61911681484059,7.90104539326322,-2169,-5364,-8.75098534308609,-7.80146200438185,0.926576691779957,-73.8578255242343,-8.6285634886508,15.8676972156053,-0.419371558216319,4.3415336169133
"26","2014-06-17",-0.138241519277571,1.20970686356117,-1.87414776075965,3.27688392338139,1768,23,-3.77613609879628,-3.97078238171424,2.86684073279471,-99.6920466274265,2.60904741030856,6.67814563636711,-10.4649230647064,1.79097890151425
"27","2014-06-24",-0.463081066634885,2.15568056255986,2.4668390169067,6.08000128902582,-3061,-87,-8.08865578524856,0.901972903681347,-5.71516765439632,224.281888126418,7.17921437250624,17.3943814436367,9.01357729090488,-12.7515838083962
"28","2014-07-01",0.605750244611514,2.38398383269534,0.486148620036886,4.60338056322112,174,531,-5.05139134509349,-1.3995805128884,2.77168501241434,8.61330875706061,-0.898677264294534,9.54450106592208,14.0776655805706,-2.08084959012389
"29","2014-07-08",2.27622780436327,0.220108299131105,1.18343453336962,7.65253461267683,1353,-2480,8.78047432205165,-2.02130313250244,2.49004521706073,3.65004022195263,-5.89063306407791,14.1521283322259,14.015680759899,-1.45612221259945
"30","2014-07-15",2.07561813503006,-0.302052339402614,0.429282177545431,8.47586392148187,1967,-3469,8.95583203661587,-4.02456144398808,4.89736873493349,-1.51682214731714,-2.31538585238091,13.8976004513379,-8.91810519361904,0.318035843676334
"31","2014-07-22",-0.390751588742333,-1.54285982302511,-0.0263063944844433,1.17143081068924,-432,-1791,2.72549599416667,-0.73866313308617,-0.761568049486527,-6.8525108166658,0.772567396393242,2.04837612308051,-11.9597033291258,0.353826109959954
"32","2014-07-29",-0.589005262473918,-1.81747888671229,-1.80813777817654,-1.37181897114083,1217,-992,2.59269241833042,-2.07104622565524,1.29423248824612,-3.65119922231489,-3.37115030513484,-2.16658667388856,-7.17493692394715,0.286564728232364
"33","2014-08-05",2.48174773638645,1.36384078358667,4.22916795253716,0.902375791433485,-1580,793,5.25933111987609,6.18836944119217,2.6799437448533,13.302601029204,4.75767669379614,-0.934279865872156,-18.4353251925979,2.95680628628521
"34","2014-08-12",-3.74827452699122,-5.60428048604518,-3.97212419481718,-2.27010639135976,-159,-3735,0.635177094738104,-4.96152869288853,-5.97000566524102,20.2984172491681,-7.33173374853031,-5.96704662166943,3.771773038949,1.39357824217718
"35","2014-08-19",-0.0919508388072643,0.495841054658896,-0.104075669534787,-0.650778321347723,3,651,-1.45077883192037,0.216638850947604,1.50891428876054,-7.18441719992349,2.60632119073847,-4.94939908735184,-13.8141634162171,6.61178844561281
"36","2014-08-26",-2.8628715752447,0.188247005866415,-1.18200142273075,11.0603631720986,-2022,-4362,-10.3699585830157,-9.09371886967207,1.24848319286759,47.4802771516609,-0.414848932872935,9.16383637359672,-2.00320114008665,9.07687751900053
"37","2014-09-02",-0.342629995470389,1.12699429766518,-2.39289864720398,-0.0742545573043429,2063,948,-4.25917145712749,-4.08316626479603,-0.161725841480376,-4.42060925044956,2.89728827736315,0.917514151959686,-1.58160899559867,-0.844243089528263
"38","2014-09-09",1.41302346581185,2.13757836297326,2.49048555318261,-1.36727498976548,-959,2351,-0.598019588376886,5.26614406078476,1.83212061531517,-124.572564177479,0.337709916885665,5.23658674310408,12.6338757717996,-0.698857330686486
"39","2014-09-16",5.64857032279331,-0.809224474494918,5.375915496343,6.88108684488817,858,-3700,21.8577271646273,4.31477184960514,0.759378439511238,3.31064717750404,-4.06989502301442,13.3491995402022,6.78912872317898,-3.86695783137068
"40","2014-09-23",3.37117032226111,-0.0531349640557011,2.20312303089578,2.93960560408983,1672,-1402,10.6508099362497,1.67386149399498,0.838517949949491,-9.9797846273713,0.149600865665889,2.88811566189029,-4.88477429804455,3.59827178795058
"41","2014-09-30",-0.324272592023434,1.60448229952763,-0.447729132030439,2.77684599701402,98,19,-4.32838792264096,-2.84627076064883,-2.11639606579581,-1.20665114131162,6.08164609790691,4.58225327886037,-2.17585897300996,-0.441231258800023
"42","2014-10-07",0.641863682690413,1.77786125829336,1.78608006317607,3.20741189170946,-1209,-62,-1.8318067811105,0.684917933095264,1.1575137986922,-2.45788102648881,3.19157282784648,5.11973143513238,-2.36334850826605,-0.338368159438573
"43","2014-10-14",-1.96598677211686,0.297336436360141,-2.40941043834191,-3.41302157587471,276,1925,-7.17486125024074,-1.6289981745544,-0.211657301484536,14.1855901058467,0.60755929047307,-5.3150721425121,1.10734741694873,-0.401371374614357
"44","2014-10-21",-1.4892388037044,2.30075116888369,-1.38681038091502,-9.0002047576295,-279,6139,-11.1723209445655,4.10917823539467,2.25413946204451,29.4742111862506,2.68444779450476,-14.9497612165421,0.549109079715038,-0.384353582083818
"45","2014-10-28",-0.705605950600585,-1.0178146715667,-1.25754140872392,-1.26594111123666,518,-337,0.142985943356599,-1.25186355833886,-0.0786988498122199,9.66797303493685,-2.34277721078353,-3.38437932790381,1.31060234023632,1.47968174414395
"46","2014-11-04",-0.589862996124069,-3.85266852126325,-0.590813385706568,-1.60705718194709,-67,-2596,7.72911608851761,0.0902737847107815,-5.48562887166799,19.5014383592373,-2.88020705747254,-7.60973735436412,-1.19865506814349,5.7957088422528
"47","2014-11-11",0.327757264565065,-1.42329321460934,0.491346501369883,8.97934101344262,-138,-5196,4.42054708539299,-5.57592251409922,1.60606262741485,-14.9531733970964,-2.43889587357522,11.0313329089722,-10.6549132717591,7.72711501579746
"48","2014-11-18",-3.54284512347203,-4.13259970075064,-1.9658106489814,-11.8216488597406,-2045,1869,-2.21678131437155,5.00019951686923,2.0361472506595,-5.00551312963005,-9.28133641425166,-16.8963729284494,-9.72343088300729,-5.35862079262426
"49","2014-11-25",-2.00173929966923,1.70165189315643,-1.04214786570385,-2.76191171347104,-1181,2490,-10.7782165251724,0.0594418738563363,2.26504562806671,-5.55960397915625,2.12403332681621,-2.26360865790536,-3.94829026812271,-3.2327436790089
"50","2014-12-02",-0.685203066288054,1.87321374540304,-0.2014795028634,-23.2178474405954,-558,9891,-7.44718946639349,12.0068774739295,0.010452597480004,5.10025544523725,-1.08728623370205,-49.3136325243702,26.4301623807718,1.25045047192405
"51","2014-12-09",-2.69029766542044,-3.23951061732508,-4.19034217651451,-4.50353932386598,1308,-1206,-1.18477156028316,-4.05157750856393,-5.34272379663641,-3.9441732051297,-1.72916605013977,-12.1053820510927,-0.182759721902492,1.0131450961925
"52","2014-12-16",-3.17679818425169,-4.83484855570495,-0.163376619364186,-4.44577026120587,-3237,-2419,1.18814623336192,1.67276836026478,-8.42112745666697,0.286944242795339,-3.02178132683615,11.6764507618999,2.65944317776476,-17.5137446632386
"53","2014-12-23",2.15722537048162,3.52616647602026,2.08665588236823,-9.96916477570426,195,5495,-1.4274789515424,6.70120253309889,-4.548817623626,39.1680629546332,10.3602517199031,-11.7764507702333,5.72309811048868,-12.8793009698134
"54","2014-12-30",-2.48052713071694,-2.14086293709084,-2.57335314057094,1.7580404159462,-51,-2131,-3.39806409917589,-4.14364746810865,-1.74423946909421,31.0025804409284,-1.58276492758986,0.432612987521175,-5.99659848907397,-1.12539508997624
"55","2015-01-06",-0.404646343913662,-0.753240124724464,-0.592453533029413,3.89425877169174,162,-1647,0.53685715068319,-2.32065367960939,1.07988980187148,13.9844284176021,-2.4650097635055,14.9753083094772,-0.166845468331545,-9.76544803231469
"56","2015-01-13",3.12922654504852,-3.60575188690184,0.412864118873202,4.73949743732192,2916,-4059,19.2374534512295,-1.35949768976378,-3.23939658401056,-40.3203361487582,-4.45259655335786,5.0857235920212,-1.38115448386564,11.6596637002136
"57","2015-01-20",6.09173472641338,0.0802573720024569,7.97894398570058,22.5331483233218,-1448,-7372,17.8337188086847,1.13395768139402,0.954769698893543,60.1925980058974,-0.789943991010489,22.501654145174,0.446456246853089,16.7183685492793
"58","2015-01-27",3.79799522067081,-2.67193308387697,4.1494955227785,19.3400332210098,-105,-9798,14.4163599810641,-4.82201599339813,-0.43403689426551,3.51495070461709,-2.14250757979393,16.8742404602645,-13.9015772478579,24.90223371507
"59","2015-02-03",7.64721152051973,6.44521046335367,7.07249007799451,11.3767306159072,1273,-618,9.4320362207954,4.09942521596971,5.49757223061587,-51.4307294131066,9.78525082142951,15.3535234755944,-6.05986813670576,14.0966932364149
"60","2015-02-10",-4.68263455731499,-1.48934572764077,-4.67819808997962,-3.3008842885506,-398,497,-9.54576833078011,-5.67655544537384,1.24274511268165,18.004831189594,-3.80167166036287,-5.60033218355098,-2.30476338097763,-2.67654798610675
"61","2015-02-17",-0.761685600537376,1.40157758707939,0.827974811818777,3.18299626850358,-1883,-505,-4.29069290797433,-0.935432059286612,1.11051898716372,13.4384465158982,0.829880281469464,6.05903959206291,5.80020877974956,-1.14204087253924
"62","2015-02-24",3.97689123831118,2.25217817537899,4.4004287070937,14.712860173816,-254,-6190,6.80656196070899,-4.26778880229897,1.81112112982227,5.15718071313094,3.49713709189494,20.2521656376149,-2.15216341053779,8.95756949437629
"63","2015-03-03",3.82020735411963,-0.664667832314514,3.21345542397307,9.35577988820526,994,-6200,10.6176014703163,-2.81909260139575,-7.86045470928673,-10.0083458556983,-1.93717227284242,10.971468209809,33.6886529739516,9.17198114837117
"64","2015-03-10",-0.308898179960515,2.53577942857621,-1.08378744550048,0.905847226065504,937,1412,-4.53072413423445,-3.20360729639209,0.774902251529319,-6.64897412688328,5.1939625386284,-5.15735613361183,-2.08220967630979,9.0421143349527
"65","2015-03-17",-4.09467813231164,-2.43264011691267,-2.51166478910694,-2.08996654036095,-2208,-583,-6.7052830007901,-2.97231139157503,-2.25879008635452,1.76995770994006,-3.5878406428175,-2.2248197701364,1.57351405559982,-2.24097046048009
"66","2015-03-24",-7.95288162242738,-5.70985347123933,-9.5187880934855,-12.7858672547049,1283,3240,-11.6607700001538,-6.05286571313659,0.612924916356761,-0.704228262541218,-11.8012215664802,-20.1701935971315,-3.90541991240898,-5.86639847356061
"67","2015-03-31",-1.06985240694701,-2.052350700259,0.563032180292566,-2.09099938554118,-1855,-344,0.581498007102255,3.21413896277694,-0.78457097906437,46.5188610395975,-6.78688999161992,-4.30695947111577,9.46212373037714,-5.29043866674765
"68","2015-04-07",-2.69456026245027,-2.02001495150927,-2.97575589570638,-12.4952786398872,162,4929,-3.82362129476999,5.48869801484226,0.842443211654142,-3.73029969749741,-5.39950761431065,-15.8477100714801,-0.770907158462286,-10.5007564096764
"69","2015-04-14",0.902740099525801,-4.98785313672325,1.42596284300662,8.19084293255905,-516,-7506,10.1257644871215,-4.42980682099172,-5.80625781643587,-3.06996773818575,-12.4302252118648,22.4913202270066,15.9423559395499,-5.81656933361163
"70","2015-04-21",3.68347539212586,2.90442948854821,5.63643304893287,18.832411989608,-2032,-8783,4.80400579725409,-8.29584922459574,-2.38890386864341,-14.0682793782148,7.05928738961408,36.4153905327932,6.39779207516238,-3.46289059526494
"71","2015-04-28",3.14945034992657,4.02960444455225,2.55874740966995,7.87197002371869,786,-2298,1.88192184382281,-4.26796090988972,2.28325145522348,-52.840925211461,11.2950240632582,12.1773176291446,-9.43821864636956,5.9790079107346
"72","2015-05-05",-0.708825948592384,-1.44864970210019,-1.04421713151499,3.38917177703415,365,-3369,0.358426951841295,-7.43341874031422,-4.38799855606806,0.23161562178311,-1.84161264776357,2.22724359767845,6.67870160566899,5.92559460245106
"73","2015-05-12",-0.671160266504423,0.987697090302042,-0.173090131869991,-1.55777134083976,-603,1786,-3.09150610366764,1.89749227670859,5.6922838614641,-4.91951044462757,2.07710042574334,-8.6270325952075,-13.7981164923449,11.0879567777449
"74","2015-05-19",-1.20243280610168,3.35771540547078,-3.94675891048859,-11.8862609003759,3063,10177,-8.40344718111705,6.68534138883299,2.37472912647423,-23.752348397298,8.28543401725366,-17.0058298537038,-9.37849833618891,-3.58635365374944
"75","2015-05-26",-1.55400826652858,-1.12455577087314,-2.43127557548526,-13.0413849513365,860,6670,-2.27749079011179,9.15818770476804,-4.88657627541311,-3.05068632196877,1.65307605712535,-12.6829096753754,0.645858003941235,-14.0904666310341
"76","2015-06-02",-0.945521043031938,-2.89194852965728,-0.0321580340431282,3.96051688566441,-1058,-4256,2.26841987825228,-4.09597750875097,2.75724604509566,27.1668920036576,-7.06111635413755,6.69754953431543,-5.83854078589177,-1.61935619683469
"77","2015-06-09",0.518418860097114,0.398039865319433,0.460251474875228,-7.13994270603049,96,4141,0.711827196386672,7.92940749128359,1.21140791645153,0.603502133447087,-1.69546423277733,-0.331907553369781,4.83206212427767,-19.2777636114297
"78","2015-06-16",4.19440625614609,4.95385271603919,4.5044967293153,7.87137331802992,-83,-651,2.96396869011559,1.33386256344092,0.188895020624713,17.8100869189724,4.56236941850214,6.40313163399053,19.5769808480412,9.57728452797415
"79","2015-06-23",6.62063320813946,2.53251552014149,8.91630957729763,13.4776251099584,-2410,-6217,12.9695842739684,4.26904387054332,-2.71497740869613,-47.7483700511653,11.0948596855556,12.4038344053163,-10.0628549180623,19.8617445907157
"80","2015-06-30",6.94547684848938,10.908251319057,3.76816708577223,-11.2021702052887,4467,15688,0.801297065272699,17.5991984396758,-1.16340063271494,-2.8820438535492,4.44920106410027,-9.00347587129584,53.3907710548545,-15.4480809037208
"81","2015-07-07",0.323814350067053,-0.757295188170914,0.00616195149198973,-19.4967257948282,440,9574,2.0623951914887,13.2605551716324,4.79457599365904,-3.13984214575624,-4.88578765584808,-18.840701019438,-1.34059175888979,-21.7381966267681
"82","2015-07-14",2.11212101346092,1.50889849367708,2.43782757759838,-9.05967137684698,-246,5404,3.06121979828049,8.5105273744281,0.432107520585667,-52.968042452962,-2.34907809337432,-4.86382710551574,10.6196706023464,-14.5317622877691
"83","2015-07-21",3.13202612156207,2.36310385127894,3.03385570773855,11.6667792475489,405,-3303,4.32078540187835,-1.4241031332709,-0.596273430653582,-52.7558297624108,7.75436093037474,12.3549560451529,-3.23636348174912,12.5628667155123
"84","2015-07-28",-1.41787656149415,-1.90399223954358,1.11311676671004,15.6285583666971,-3591,-9909,-0.678204495040724,-7.89103188813165,-2.02147784648616,31.0981716279834,-1.66143682219886,17.5493894404003,-2.20491270321599,11.2094631506928
"85","2015-08-04",4.22533907533023,3.81017872053384,4.23237148628317,15.3347958559202,219,-6076,4.84993058444694,-4.31079128708394,-1.31973900956446,22.5322992787143,3.48414991130994,16.9280765603267,12.0157300691137,11.5936290174442
"86","2015-08-11",-1.8703187957998,-0.827529397615656,-0.877582298670099,5.10290079537317,-1519,-4219,-3.45162143816822,-6.25001575053243,-0.627132253073448,-1.16789648641467,-0.0381664826587524,3.77655212702184,-2.58296758010896,8.24065406219141
"87","2015-08-18",1.22239289058008,1.75066220033049,1.63919955425982,-0.800147921367866,-557,2134,0.405255126623061,3.90454207480957,-2.22646270855886,16.3546301717003,1.40254753545044,-1.06209975194673,7.72215800248155,-0.816743092066652
"88","2015-08-25",-2.82252549912485,-1.33492624168881,-2.7654544639045,2.65433670038835,-177,-3070,-5.1840928904376,-7.94933864637724,-0.758004752341357,18.9156004024252,2.06638421639767,1.82827412024587,-8.47187734765633,3.77044933035773
"89","2015-09-01",-0.541197551233985,0.951230610141174,-1.87795604130319,-0.432118118258629,1855,1164,-3.0047144545799,-3.35762955336047,3.32919534806653,95.8919143375982,-2.71088180240326,0.620827880583619,4.66678638369871,-10.0889404377979
"90","2015-09-08",0.139899876684701,-0.508343334159278,0.746004977500903,2.89045097527598,-840,-2538,1.22192830183732,-1.53073627223961,-1.15834057320825,-5.57167878084242,2.0004167669434,1.00559622442749,-4.36138342678341,8.15365627758169
"91","2015-09-15",0.31095626756148,0.633095639764036,0.710740097365559,0.363865579834943,-550,306,-0.224409180904672,1.08588980323123,-1.59130590205852,-28.2814529290041,0.621932457068297,-0.830705486532857,3.69655845778354,5.5259273918848
"92","2015-09-22",0.232928455726444,-0.235282530291414,-0.0354172868394897,-0.48590627978129,388,142,1.0095451217639,0.447776185118975,4.20414377177085,-7.24871571262549,-3.96489017498283,-0.990914348370708,0.655557128400019,1.04320632688175
"93","2015-09-29",-0.732310454806573,-1.11431058925966,0.743251195514816,-4.99207116168456,-2113,2547,-0.105789233956877,6.52368212217294,0.859321512919564,0.594885751977259,-3.86218908192753,-5.81970589467122,1.01893502417152,-3.74601493182478
"94","2015-10-06",1.03266154814392,2.2064963920613,1.28771687902027,-0.372811251986249,-346,2253,-0.912963736583805,2.84247249954195,2.71289914113755,-43.8937251440591,-0.946328704644017,-2.00631996883391,6.7530028353163,5.28027087380458
"95","2015-10-13",-1.4760288023437,-0.219019755518701,-1.86532308316796,-0.429440502126077,527,96,-3.62864782461951,-3.20680167832386,-1.74213031481845,0.367309871186094,4.26435463265662,-1.34951727857011,-5.68532832303337,1.2024359156408
"96","2015-10-20",4.14469558982677,1.65695586740888,3.2284775361644,10.1872271279248,1437,-5852,8.33571643655926,-3.84265819719687,-0.6682570852238,-30.2766243326443,4.79649809546281,13.7662169872401,-0.834002783314247,5.03139582990908
"97","2015-10-27",0.467979015095921,-2.2253547261327,0.778352071522193,3.89151155370886,-439,-5063,4.70685206133332,-2.72916331332791,3.03380463626759,0,-4.6293406328223,2.77839622609513,-5.28577363227054,6.14841847367043
"98","2015-11-03",1.37191584800895,-1.14435233030488,1.02555294258195,2.25040091951314,560,-2834,5.08003721704178,-0.420085076860133,-1.93783090240718,0,-5.45741132267583,3.71821373158774,7.57505203660962,-0.513608016554912
"99","2015-11-10",1.85303023129535,-2.65003727193029,1.24258414025142,5.41627580456705,992,-6852,7.95327637563155,-3.98986285923026,2.14370481306059,17.2764035464232,-1.1298013419573,6.95981904163876,-12.3176181174129,1.91530345766786
"100","2015-11-17",1.38012614946614,-2.10041917431685,0.86841754657847,1.94846712416332,845,-3497,5.68125827565904,-0.568844654988254,1.8182608585029,-11.491658418229,-1.58786185392223,3.36653161922467,-9.61503586194947,-0.605112479577841
"101","2015-11-24",-2.17601579748248,0.731758896186463,-1.40660114817184,2.92018782806061,-1268,-1955,-5.74601939770094,-7.5502702394834,2.05201072406123,-341.772668361337,1.93853753725044,2.86870662952996,-4.15672314808884,6.00609615380545
"102","2015-12-01",-1.30936906247445,0.404359283197131,-1.29465133744109,1.0661507140993,-78,-613,-3.52580214050242,-4.93471715533413,-0.975465951670884,-333.22045101752,0.917425139677519,0.0329543585120717,1.87512683778603,3.28531307276698
"103","2015-12-08",-2.2540718160954,-3.27323957375469,-2.42627466048724,-4.3944296471377,154,1115,-0.925464354500427,0.623359593536676,-2.64767399584827,0,-3.98040494848928,-5.44718427487467,-2.93747631062136,-2.29856439420697
"104","2015-12-15",-4.80972211158424,-3.25927072797931,-4.72292945380222,-12.7080207097858,-326,7676,-6.84344677157469,6.24976752100128,-2.35801081755866,0,-2.22120472735021,-14.8893308716559,-7.16328516989382,-8.56640373166595
"105","2015-12-22",0.028228453056478,-3.49938999175645,-1.93714921857548,-8.86953488945394,2680,3703,4.55305043726781,6.10381497638333,2.78344128728563,0,-10.6697317822675,-6.91443063323991,-0.861037291772959,-12.5693189679879
"106","2015-12-29",1.38396207891276,2.0947677684136,2.60493858781619,3.43497770133467,-1587,-789,0.501167557230175,1.7037850276088,2.99346356907151,0,2.65584969661798,1.64367274379718,-0.86210183033284,6.83271906773708
"107","2016-12-27",20.5065524448305,37.8607043147397,24.8684969780079,16.3175400297185,-6406,23933,-6.57563984706773,33.4634060438914,-15.4636119236912,604.500531403601,84.4970132354868,33.1201598026206,-7.43349387462011,-27.1115369749584
"108","2016-12-20",2.48582404884594,-0.476909505022149,2.18105021145671,7.57607004100382,523,-7264,8.02872867091828,-3.0683051367145,-2.95023965428189,-43.1877207647942,0.127399656489402,7.8122372719303,1.05828365368907,7.64450452526457
"109","2016-12-13",5.96893418786113,4.97835029781815,5.78610338583481,12.703959909984,308,-6530,7.7209849644948,-1.84832739335814,-4.0237168791732,180.385151499308,6.98841506743921,13.2051562331597,10.2807529571983,5.02341913224651
"110","2016-12-06",-1.90111296059197,2.48718909863168,-2.71517998001283,-7.76654497743685,1538,10875,-10.0507960451036,2.9669718406419,11.5985067263814,7.1873334352305,-0.733780236766179,-5.66653098203371,2.95354478223633,-17.2057636515852
"111","2016-11-29",-3.20176230369782,1.279589187852,-3.77676512095331,-12.176196776247,1004,12686,-12.7034603523869,4.46331174651071,3.17033839787353,6.233391156269,5.17401177015415,-13.7018406154596,-23.8242902222293,-7.98088168994617
"112","2016-11-22",5.90345441833886,-1.93000189693642,7.47167567718972,7.75835368879356,-2893,-9322,21.7209414152322,7.2121832217519,-3.79719113191452,-0.68547592424606,-1.65619783169166,7.03288395663453,0.500304257636053,11.4034202774864
"113","2016-11-15",-0.63610115233157,-1.24275487757348,-1.20871487116432,6.71917098105208,1107,-7959,0.443951894536454,-8.99258248698054,-3.20535736319041,-0.158856268513841,-2.53315205233484,9.18510570589088,10.2740830187411,-2.31666517437983
"114","2016-11-08",-1.24760238560011,3.22325425465415,-0.949616089823735,-0.66682814726029,-570,4678,-9.66399672343261,-1.2508338803686,1.79185681556238,3.23281541390106,-0.244633172425601,0.35979522852525,22.5814653232153,-5.49217852276378
"115","2016-11-01",-2.18056114085652,-1.98935039435,-2.45467935053139,-7.54891824293296,514,4643,-2.56566261945004,2.71516689973996,2.09557711215478,2.48302597009378,-5.10552303077318,-8.72997100962625,4.7054370191848,-3.58873016565493
"116","2016-10-25",0.572627675281723,0.62968206676679,-0.226120512214401,-1.97079668377924,1486,2562,0.457288206872697,1.42754447804787,4.05721444634981,40.2457587044209,-0.753764121121492,-2.66460863299418,0.806956582514395,-5.2509436903069
"117","2016-10-18",0.386157575827362,2.37523215811439,1.10949572624701,5.12613721925792,-1342,-1690,-3.76357930326119,-2.7844983959584,10.1642669051722,-0.301659353942529,0.532580435398344,6.42458845152216,-3.27829535352322,0.344446151844124
"118","2016-10-11",2.0691630426434,-0.838235762689621,1.19873861863962,6.33992960067733,1665,-7220,8.05155630699925,-4.26893418280923,-1.18326760320215,1.13485864170189,-2.66194456645596,6.52184015951196,6.77641214255722,6.43235895310497
"119","2016-10-04",-2.01800096967659,0.287783559077504,-2.66328608124873,-4.97553949554934,1152,5226,-6.71821434547173,-0.132249949227869,5.91822568727522,0.099518999754622,-1.29561432239829,-7.77307706347994,-3.52388002503901,6.14642183177843
"120","2016-09-27",-1.1338123593541,-2.54301530795491,-0.306812837915871,-2.75952234941812,-1551,-605,1.77772236584097,2.2489304437892,12.7963537174422,50.730484422977,-13.3674402993018,-6.26834465718797,5.73301761213756,-0.559252170244307
"121","2016-09-20",-0.0965055889089683,-2.80466250665174,-0.44041168943032,1.15222490901683,629,-4508,5.16498676732446,-2.08532480884678,-1.46756340700716,-0.0599101365898136,-3.30307011260107,1.18629777394101,-3.8745886728444,1.35202968086592
"122","2016-09-13",-0.930461074836586,-3.18443575497369,-0.861336493296072,0.765074022703516,-147,-4504,3.14659381969538,-2.59748971032394,2.61885289191177,2.83595216660633,-9.42820186243853,-0.849204235495904,3.62122661955713,6.09026488373967
"123","2016-09-06",-0.863936259070819,-0.815658204135872,-0.391971175826278,3.33636645004276,-870,-4155,-0.94860228895417,-4.60320260765013,-2.81020632896301,0.252109122186717,-0.982110021849358,4.15362100263206,3.42868808808419,1.22072196303105
"124","2016-08-30",-2.35824078212037,-3.10826013456023,-2.6251374358397,-1.58507436006285,440,-2014,-1.05549100099722,-3.8614930873301,-8.38658419445508,-8.25314369595098,-2.88706918680184,-1.78451883435073,5.42681701964334,0.770937145028405
"125","2016-08-23",2.33846892729126,-0.353683078772349,2.90023013542271,-9.37802184616849,-974,8209,6.80393808489175,15.908566103764,-2.26104648269043,-293.335215919262,-4.13865192470855,-6.92527330594537,10.9793433378886,3.21295156522545
"126","2016-08-16",1.11265503135414,-5.95052029053456,0.802709663432566,2.62484628498996,576,-8801,11.4715280419153,-0.929132694887436,-1.15142484364092,0,-14.4445809796185,3.35096249594553,3.55285530559613,0.306601754027902
"127","2016-08-09",-0.201184336335736,-2.23553257154538,0.451534589891267,-0.676666605938792,-1197,-1728,2.47050374973394,1.5310700648568,0.286952476736957,0,-3.84313282889703,-0.189405033603052,-2.90681700824802,-2.30317902809851
"128","2016-08-02",-3.40355683063311,-1.19656882314363,-4.40578794638586,1.23707867049774,1764,-2339,-6.30784276109946,-10.0561823707185,-7.12488558711986,1.56865961676997,-4.05943231917743,1.41330781763855,10.8745486538274,0.639166870693408
"129","2016-07-26",0.482564873363245,0.405981686833279,0.992468394152723,2.74190128387826,-893,-2097,0.585861860984416,-0.895071339018116,-6.79516234770183,151.909591549282,4.11267614241559,4.12664871461494,2.84362692239508,-6.71325478928395
"130","2016-07-19",-1.89754505449464,-1.80772618961136,-2.51202519697618,6.12849864465375,1047,-7705,-2.01871344271289,-12.9547518482411,-10.4212153775732,182.141199140693,5.32885715848916,-10.1524517646693,-4.2294464728192,30.2255995829128
"131","2016-07-12",-0.291142668123712,1.53399179506479,-1.10313398893123,0.703364808198259,1389,858,-2.80999198219067,-3.55704529934808,-1.19132195448213,-1.99046170614583,4.42933836078083,1.32743633862784,-0.671058252141066,-0.134649067220849
"132","2016-07-05",-0.245469267555798,0.62458117141837,-0.277402428709728,-0.151959654273881,46,791,-1.4856096626124,-0.451733225088802,1.31186771253624,2.07311772407657,4.67308640237576,0.572542156537637,-7.54190656476741,-2.65662870566441
"133","2016-06-28",-3.01905982591411,-1.54313761911489,-3.76321400494835,-5.89271771661934,1123,4108,-5.18414674099912,-0.872863871314777,7.00972069668637,-34.8719888957655,-5.09169508921907,-7.33521211862875,-4.35156374361618,4.54430463988178
"134","2016-06-21",3.25536350566278,1.54702901038508,2.36275735367748,-15.461191432331,1662,14988,5.75429124040454,21.9275841826699,0.383864590255456,-126.998695612926,4.75255865822053,-14.3290638978606,-3.52099108618837,-5.61744689414336
"135","2016-06-14",-0.584318193156719,-0.382077913466716,-0.779801991628837,-8.18096239603321,290,5908,-0.874712550303514,5.51508229717204,-3.24948910704332,-24.9727283815208,3.02135392951524,-8.5224803531565,-4.22808872954583,-6.57300399050147
"136","2016-06-07",-0.316853205502277,-4.72303613826277,1.48159666191354,9.41642566600915,-3041,-12021,5.70295516344697,-5.30181906322476,-0.734715835563726,-21.4041479372234,-11.6224006615502,10.6745658403165,4.8038979329986,8.00919466846306
"137","2016-05-31",-1.16461237058036,-3.48350414001164,-1.24767422822689,9.99145449875432,98,-11876,1.76485619859879,-12.8390325188674,-0.194246825102873,16.4671307601828,-8.75133670320842,10.7200151306577,2.23762205886509,8.15474940553216
"138","2016-05-24",-1.13928670449823,-1.34147116752796,-1.67519207711901,-1.50576337981096,843,84,-0.891037920011506,-1.87142550262447,2.85763599265039,-17.2436182999554,-2.42742700573615,-2.20847168398848,-4.53510119741267,0.590036281311512
"139","2016-05-17",0.570383560773813,4.00257688969923,0.97298032196047,-2.32460810032684,-642,5832,-3.80147437751219,4.66775331590448,0.732528777069241,-19.082082513482,6.46916206372339,-1.60691397658841,3.64355250830979,-3.38430595164141
"140","2016-05-10",-3.66354060848568,-4.96013150334882,-4.01830593870276,-8.58687974765751,429,2418,-1.97167706007946,0.700407999624453,6.03176274593089,33.7626748968038,-3.46001926810544,-11.0717828573598,-23.5106694586499,-4.73221364068515
"141","2016-05-03",-5.11061023367905,-0.986529178504014,-5.33101963142268,-9.55499501307422,121,6317,-10.6749710551446,-1.33386243292328,2.67704833959961,-7.38121579229007,-0.369140323195971,-10.6151993070807,-8.7787696412164,-7.49182705173652
"142","2016-04-26",0.671950922668429,-0.427053163313929,0.787156887916041,-2.2761602999136,-146,1232,2.20807620714467,3.49017405809331,-4.47843185221721,125.098676909411,4.75031948949738,-6.02894865783146,-6.08979146370086,-5.45783045199801
"143","2016-04-19",4.96866417225874,0.487286542091958,6.61953412210625,22.140077889904,-2452,-17005,10.8383623121091,-8.92176590818288,1.87841522781458,-6.39263628656721,-1.5754496580394,23.729723086652,3.31329348524338,22.6879213401116
"144","2016-04-12",-3.36098675787859,-10.0398701900655,-2.3322192895705,0.225110091991532,-1689,-8923,4.36835598460039,-5.40864502047942,-3.64294378513019,-12.8580218986647,-16.1578499929419,1.11174801136436,-7.07603960180041,-0.184829795989039
"145","2016-04-05",-5.70949138535877,-0.698441373640968,-6.26694821275944,-16.0111598522995,830,12453,-11.4024497889226,4.60804731608597,5.21231499421955,-1.59308220721952,-1.87018722691761,-19.0789186398451,-10.014026164575,-11.5060652490749
"146","2016-03-29",-0.52434452296346,3.61503893952584,-1.213636520826,-2.61561370371783,1017,4957,-5.72263089497653,0.178316498617548,10.7550087988667,-21.7230411501169,-2.7131435404927,-1.77279311737415,2.71353258820461,-2.30962743561989
"147","2016-03-22",-0.0153653444977309,-0.975836489250526,-1.26761157477322,-6.17522771232721,1838,3551,1.23461205516531,3.31471112624619,2.17994577007783,-769.848278788095,-3.14331401960644,-4.12665497366191,-3.58037617115166,-1.21647002080572
"148","2016-03-15",0.200232336331752,1.27400777113316,0.523022684021868,3.67890747807174,-465,-1495,-1.19903670077655,-2.37344614410269,-0.0083260480462144,0,3.11771347332161,9.63120888205324,0.0283085635294,-8.3031111723713
"149","2016-03-08",9.53732182068556,7.56899657030914,10.1602303177481,25.0110463786543,-675,-13550,12.0763295585062,-6.26303740811842,3.76930411667118,0,9.93340288947717,26.4913557506988,11.0618392513057,21.6707211677914
"150","2016-03-01",2.69926278391157,1.67998735670132,2.39634837572638,7.56983950268086,577,-5640,3.97013470933931,-4.71795157577208,-1.0505624787557,0,4.54457739584377,6.81527041346488,0.914400191200215,9.29264198434634
"151","2016-02-23",0.642775134270934,-4.3450204805179,0.718537257794871,-4.27665787243576,-106,155,6.46718798257169,7.6017693763724,-2.62996617849804,109.861228866811,-3.68792028081533,-3.10425804672665,-10.2157170300206,-6.98267407591349
"152","2016-02-16",-3.83054917634507,-6.776914441655,-4.1776120027647,-5.81076308072799,441,-530,-0.668981682250624,-2.09579165806968,-7.6174926823013,-109.861228866811,-5.48535600240658,-8.255393780947,-8.22758419196266,-0.29382112222649
"153","2016-02-09",-3.77293176140086,-0.305015038662226,-2.68555514953768,-0.560540213959371,-1823,244,-7.51469014804016,-5.40975910220052,0.911534461660679,0,-6.34276076476006,0.0671201393794618,12.1876204783774,-1.93298068425296
"154","2016-02-02",-3.050465773679,0.40767342209449,-3.56963380076891,-9.27338591407345,733,8203,-7.06587490274178,3.45937529031346,4.54478767772084,0,-5.73207547968977,-14.2886859122267,4.64197700330846,0.98547769203261
"155","2016-01-26",-1.64434459642528,-2.18558934883344,-1.33714310601185,-5.63212324758915,-497,2619,-0.995809675662329,3.41001998682433,-3.23091736635366,283.321334405622,-0.140128575645626,-7.15190987960241,-4.1952351367895,-2.87549308799164
"156","2016-01-19",0.513759200908481,3.34095847535831,-1.23006106153642,-0.477083883263951,2597,3150,-2.96153067574547,-2.03174504417625,2.83627153808137,-214.006616349627,0.952648204612849,-5.42508723787538,9.44570329417438,7.979050622275
"157","2016-01-12",0.433020761380298,-1.45767729264001,0.843075395070692,2.09701983085449,-587,-2840,2.78125614448506,-0.520120460772766,1.69806353506416,-69.3147180559945,-4.18693048413576,1.11347633850887,-2.89252257538131,3.64648079599501
"158","2016-01-05",0.559224046312501,-2.09202531510968,-0.692222230824235,1.58398175729548,1877,-2971,3.69110944910176,-3.26079842455531,-6.74477852117068,0,3.56296965316663,7.7831854029494,-3.48710366241054,-8.84671723853376
"159","2017-12-26",46.79551891061,54.9948572068102,52.6494555041051,45.3014917075743,-10677,14744,36.4744003856973,60.5218372924105,5.45552772899018,730.921236569276,88.806429395013,80.6902485541984,53.8028227733175,-121.094698509069
"160","2017-12-19",-0.585299498084169,-2.60285535645899,-1.03407284258186,-2.40178390937071,1138,-696,2.13592963927525,0.305660540046837,-2.17094759086134,0.866383293373296,0.293356013519031,-2.84216313540888,-12.5085287837317,2.90356357645809
"161","2017-12-12",0.403554946442419,0.164859039507625,0.224250736572174,-0.331204075679459,429,629,0.717100868955356,0.7581116156544,8.99578878218019,-1.67283927704638,-0.709271626109143,-0.368463906104388,-11.0768672447671,0.384727959245623
"162","2017-12-05",-2.51962690278322,1.39114835760381,-2.65001905614515,-7.37624688942518,395,10534,-7.88548863659884,1.66811043719015,0.393519332025072,0,1.01544003374219,-8.47780065706072,4.55439804722015,4.67156932751145
"163","2017-11-28",0.300802576173353,-0.246111387918546,-0.0976171119299707,0.876109601350983,952,-1333,1.08167520998546,-0.955741091843798,7.63008771258562,-4.55565316023669,-3.74641079895497,-0.0481494410701444,-1.81179370855453,11.5547210898029
"164","2017-11-21",-0.670386058335026,-1.98590542352726,-0.641236301857262,-4.31916472932574,-57,2035,1.16627031963255,2.51994292079942,-3.742288704251,20.604911795491,-3.63370639493947,-6.34500845867478,6.80272081683952,10.7129824062987
"165","2017-11-14",0.179069183283076,1.47750135823124,-0.496880326740445,-6.46774222334532,1610,8837,-1.63335685874824,4.20503080791779,-1.94568628313387,0.687287928776215,5.59089603132481,-6.51090931182736,-6.70068472431726,-7.25162188740924
"166","2017-11-07",-0.0804361281579347,-1.89950452528276,-0.425881207580758,8.21586435702812,820,-11328,2.44311825666603,-7.40176193485453,-1.53963418007752,-4.49448272371704,-3.90476599632805,10.6708692165959,4.51811057712135,-13.1676408187325
"167","2017-10-31",-1.14275336147056,-2.18499816891509,-1.25998897179684,-3.55550391234569,269,902,0.254931371110345,0.701127034146687,-0.581879184206002,5.62956869058597,-3.6246333636953,-4.9833473665613,-0.119704742630766,9.22033696246825
"168","2017-10-24",-3.56748493900394,0.704941963669015,-2.80048992172262,-2.00523416749228,-1764,3061,-9.52408340811939,-3.47047682680497,0.79430206413047,158.672133716602,2.23907062484905,-9.86090345438235,-4.61187289777794,-1.10962302110416
"169","2017-10-17",-3.91968659555246,-0.796965477306166,-4.92408963970519,-6.65401399722683,2225,5653,-8.68627952025118,-3.47906473591344,1.1383147359826,-1.28989064002383,0.585178087255578,-6.92084848056975,-9.47528697397431,-9.18481457902445
"170","2017-10-10",-2.64613469817156,-1.91187294710922,-2.30266801013013,-8.73296624944118,-757,5640,-3.82327898287222,2.69084955156949,0.637709512860951,-2.73892276469194,-2.27604125176235,-9.42479639423404,-5.67379050180854,-8.470000069231
"171","2017-10-03",-2.33983489071949,0.763841141892563,-2.28245658008994,-7.17067963295897,-129,7200,-7.57688502147769,1.15652478570709,0.963023527030238,22.4320884190865,0.20057468642225,-12.3670293588443,2.5667746748578,2.25314879648835
"172","2017-09-26",-0.152666622239828,2.82181974446427,0.715909575505691,-6.93589399458414,-1802,9364,-5.6107398793257,5.56713945932774,-2.07584265042371,-104.539979207934,4.61162328743789,2.3573112057143,5.63356155474661,-4.42332549768256
"173","2017-09-19",1.32322487443055,1.58611776987048,1.13509030139838,3.8516028455664,377,-881,0.818072210814158,-0.518332823649637,-5.99238446730865,-0.273597981887441,4.40210918366866,3.6983908922112,4.5081621133221,6.85597180825823
"174","2017-09-12",-0.271380959674516,0.141177005084536,-0.113501191124854,5.95859603579836,-329,-4766,-1.07200835539594,-4.08579235552828,-4.72136671719241,75.9524763011775,1.81689440777983,1.25787822068588,1.80210556697773,-0.642941365184235
"175","2017-09-05",-1.04845953367434,-0.0861304676426755,-1.08113292955991,-1.45521603492629,83,1120,-2.95448181033695,-0.82464067366903,-3.48089310904616,4.92722815896176,0.641835181475336,-2.07684515219437,2.45683102938692,-2.43672796610745
"176","2017-08-29",-1.76419934516918,-2.17921070811151,-2.19552104688336,-5.39594338952281,904,1463,-0.935501538494066,-0.065521525355372,-3.09778825028353,-2.35827954743062,-2.40430849231643,-7.72257543115185,0.0364880277709645,8.95750653882263
"177","2017-08-22",2.06350537224722,0.58955865449537,0.9927628035026,-15.2293939359058,2205,12112,4.92565043132345,10.2542245123445,-5.9822521236411,-26.9687364857267,-5.32260636917883,-17.1550801664379,27.246125329461,5.06024331584065
"178","2017-08-15",-3.64269177552625,3.90862974193649,-4.21802801638194,-30.4501267275549,1075,23471,-19.782749082554,6.74677939020984,19.5038547774281,-51.6349140037677,-6.22936368571008,-34.5844896101926,11.4455399900761,-1.21789099529259
"179","2017-08-08",-0.0995321073189004,2.59027383698509,-0.0400682687500264,-30.2553465697645,-120,16950,-6.8905250825944,8.60420937421882,3.13119947689486,3.58190978049535,2.84195159586194,-39.6239876855688,1.39931242398319,-12.4228999962209
"180","2017-08-01",0.582280315669337,1.41766727840906,1.18208501147326,15.7981876196697,-1177,-4343,-1.66388289771131,-2.5824341970127,4.33112329156309,6.84989223536689,0.546214192676864,-21.3642151427166,-0.0763790269783016,82.9606381732496
"181","2017-07-25",-2.01110284535897,2.37367582085,-0.166581407498789,-33.4169178818788,-3670,16002,-15.066751774784,7.51133992959705,7.47133131421496,7.67688838960119,2.33785319456921,-26.2988660679452,-4.12436019717557,-53.5682805127779
"182","2017-07-18",2.66961653324493,3.91104208940014,2.05126986353239,-9.97083427942052,1203,8991,-1.47596936506815,4.15141282209994,2.36452434697121,-4.9717155120403,7.94618048374023,-29.1332997243707,-4.32508636333413,9.86427076140082
"183","2017-07-11",0.757266051075511,-0.730966030670821,0.165166605081879,-9.59854895227927,1202,1462,5.7009978915616,1.6671638012518,-6.04854016480374,1.76363007780136,0.598645184646251,-15.6877986697516,3.09449881039683,-8.10092431166929
"184","2017-07-03",-4.1896791136276,-6.15984119833222,-4.50109500306652,25.8384866148168,596,-16909,1.89732574966133,-9.79057901312679,1.00674813235173,-17.1186055162034,-9.60950657352111,72.1760024369646,-6.99768139492498,-21.9297847205132
"185","2017-06-27",-1.34089196624831,-2.66102151590424,-2.24818469425294,25.1410735880812,1723,-13403,2.4776764549058,-9.01171502431666,-8.23084551823747,-41.2216188601583,1.9844705557075,46.5794071428988,-7.34564517613574,-16.6557117613545
"186","2017-06-20",1.41400951234729,-3.50830430120297,0.713121896182223,8.12239561634431,1385,-8549,14.1140079424545,-1.55867215797247,-8.12418134662156,-35.9339674197709,-3.20935375351414,11.8105182581903,1.94968123206145,3.06795479496067
"187","2017-06-13",4.09890160996476,3.82733080555724,6.04696277143404,43.0071117355645,-3762,-19709,4.73793141564975,-9.48696297508178,10.4588778111674,-6.19141126463063,14.5988845273017,52.6253360012383,-46.9930633880908,-4.54795118904876
"188","2017-06-06",1.69914025358207,-4.43066739169566,2.96654576868427,19.1798064960595,-2638,-21357,14.7381319064461,-7.09640012633947,-4.70394026732475,6.49416656703439,-7.83405993118969,21.5311932067253,11.6867775084033,0.895719360401692
"189","2017-05-30",-4.12388967976867,-6.27672953365295,-3.99528931038482,-7.32903713946342,-161,-2173,-0.0877727026635355,-1.7025949589927,-0.372816793134234,-12.6130963015033,-6.92319263350623,-8.29951802207916,-15.9455317534832,2.75160270720516
"190","2017-05-23",0.439345100545552,1.36968302113232,0.341289651989563,1.20254263153932,187,793,-1.27426573487117,-0.238734819445519,2.23459720874963,-3.0643066112086,0.0711624346100947,1.54355009300424,5.16557903743635,-1.08405522398272
"191","2017-05-16",-1.9128267837047,-0.586588800949706,-2.43057441127927,-0.818176331046594,1070,-95,-4.43624379982044,-3.53931044039886,-5.29575667282973,-0.852277886198216,0.0107371020664715,-0.647673352534461,6.75683285763604,-2.37065041168023
"192","2017-05-09",-2.26792357750387,2.02492455494969,-3.77561125965311,-10.8218166342288,2917,10961,-11.1599708642974,0.857859939346817,3.89805112979165,0.498044430414435,2.68271632880985,-13.4185555979908,-4.56472905535303,8.63483391828801
"193","2017-05-02",2.15870255742381,3.804022916359,3.51332301346137,21.663194273083,-2614,-12480,-1.58172856763201,-9.66050913589065,3.10498206670484,-10.7017909194559,5.54017523518713,24.6152742254358,-2.48766195548473,2.33772348327843
"194","2017-04-25",9.09526838764076,1.74020535107839,10.0637743286336,28.5737758954454,-2196,-27476,24.4201502678678,-8.8711466333411,-11.9917323221621,183.112701001861,5.42857962404089,24.4426659039954,12.5299694348749,10.7783144877464
"195","2017-04-18",-0.442995518806377,-3.44073396960258,-0.175168834402051,-8.06576701382635,-567,4598,4.90900096750124,8.77250830388601,-9.41686519116196,-11.4671188389954,-6.87662619204659,-7.76003475883886,18.9083080289764,-8.58392253009175
"196","2017-04-11",-1.4030833397916,-0.716181852741649,-1.74161236086459,-3.27155958986278,777,2608,-2.59046172397408,-0.171203924947427,0.73123574906262,0.946535286096051,0.217985102979767,-3.06828281208329,-5.96820697606759,-9.0206267886149
"197","2017-04-04",-2.1225921448071,-3.11041930488276,-2.36476777873307,-3.9068321810527,569,14,-0.421977384777783,-0.830060733232152,0.371478469057962,3.78028182187684,-1.04664259139859,-6.08757118538907,-16.5211263277321,12.186358775684
"198","2017-03-28",-9.46389743931864,-6.38481687839132,-10.0698861832136,-18.8458488670648,1367,9707,-14.9216310721656,-2.15720416401872,13.7611950983953,-1.99651100327465,-15.9168919736825,-22.5150294063535,-5.92490624678952,-1.2388471765826
"199","2017-03-21",-9.83668855540554,-4.35749403511014,-10.3200028528535,-37.5299679591317,925,21565,-20.8396079782515,7.71036621257615,5.66623541565363,-206.845242010424,-4.99355241037911,-34.601514726581,-25.7673442276865,-2.11825088453352
"200","2017-03-14",-4.34679825630599,1.0083803357201,-5.22780356227592,-16.975341348482,1435,10353,-17.1307516072089,0.455173446834145,0.103444718027745,4.1739606172766,0.333006858939378,-22.3797399848978,6.53578575209739,6.6051460574343
"201","2017-03-07",-0.288028558840026,4.83005443029363,0.448091727673727,-16.7294337241305,-1193,13462,-15.0613129908812,7.20919442462229,0.677497149575501,16.3095283290156,4.67240706824512,-19.0716429629459,15.6546310410004,-11.2641230486409
"202","2017-02-28",0.236392176173617,1.40586434856687,-1.02708681595747,-1.60564934000647,2041,2417,-3.58942102598618,-0.826047168551369,-2.42184111601009,-38.7812399051796,2.927850806471,-0.769712055894445,3.87492321328828,-0.698930760896133
"203","2017-02-21",7.07089562051095,-0.371847227580169,8.13976231124052,8.1112013304331,-1695,-3952,28.6295569532014,8.14964619511631,0.655413420013851,-13.1658382150001,-1.01298928534064,6.88308444031467,-0.0842483691606333,14.3084993142571
"204","2017-02-14",-1.11070006836798,-2.61194947547292,-0.866395595089919,5.32943296113224,-426,-5668,2.56088315675473,-3.10275240930835,-2.47089444805102,7.35731841844016,-4.7951280025087,10.2888218526761,5.12033875534463,-14.7015675351874
"205","2017-02-07",-1.92075152816198,-2.03703824551393,-2.09523390123909,22.0636545447395,295,-14106,-1.6441433497743,-12.9505718862667,-9.12498656800604,10.5499588045228,2.9706643120587,26.9610607405172,-6.46097031143249,-2.64844066551344
"206","2017-01-31",-2.21705208452594,-3.27246404585164,-1.85400028067075,0.023782020904406,-608,-3850,0.244773806055854,-2.87187420188282,-1.9526835640356,-2.15062052209634,-2.92337180703921,-3.98605715402987,-7.27421626994271,21.7342443653843
"207","2017-01-24",-1.03476928098427,2.06587530964644,-1.60629433298567,-13.6634777607744,939,9926,-8.52638191535089,4.45317685002493,-0.919836948182962,-3.51369912962864,5.40455470838701,-14.9047495910075,-5.85139160879589,-8.77557082244742
"208","2017-01-17",1.95908803652696,1.7806873236843,2.1783975255742,4.15165114462663,-353,-62,2.41222884406955,1.25981024762307,5.20147831610576,0.791560861266127,-0.438784563124628,1.63737362712268,4.13413401564409,14.8676115105921
"209","2017-01-10",0.507792496864923,-4.08185175231974,0.303350548388437,12.0475563811901,344,-11647,11.2661385536329,-5.76250754453085,-11.3060388064154,-2.93354369134846,2.47835811632697,11.3216418070037,-19.1183134759312,15.7775837601761
"210","2017-01-03",3.40362535992753,0.470025927554829,4.82019612489371,28.4945956524494,-2449,-19367,9.49291169088884,-11.5201091371278,-10.4743679579387,-31.0031919508555,3.64905068719619,27.4001265607689,7.37738610209409,34.962958133568
"211","2018-12-31",15.7724938008281,15.7984682762203,18.6017095199572,14.1186089480467,-6213,7606,15.720930666337,22.2268560569585,53.9718036834113,259.748276767861,-2.33397326036098,18.4281307176207,9.34484805302755,-50.3054164560194
"212","2018-12-24",-3.00648532526218,0.514314216276013,-3.30406846101781,-6.35988583669871,848,6396,-10.3889636114692,-0.994075846758591,-0.834572642246378,1.20170775645558,1.13097601437868,-6.13022260155951,1.79615251210077,-13.4680188166246
"213","2018-12-18",1.67450069973505,4.30889432749382,1.40684775781619,-2.33771277004102,435,7996,-4.41935860869105,4.07561816790611,-2.41747178496716,-48.1883334737818,7.61742556107858,1.53365706689055,8.42286864471671,-2.88445451758523
"214","2018-12-11",1.41645777840296,2.5053966909077,1.00749034458136,10.5776854792701,763,-5854,-1.2651787019287,-6.17615945520313,-1.30492054102511,11.2936143594407,3.74538912350388,10.2100106121279,6.83089163554094,13.027599075887
"215","2018-12-04",-1.76610935628769,-2.6159783829474,-2.36989007532902,-1.09697726970204,1345,-2733,0.335400515659678,-3.42083099022759,-0.272197892490311,-0.294898473815763,-5.9707092670978,0.220955276626711,5.56774706125118,-12.0317042893134
"216","2018-11-27",5.07452640654833,-2.43536941456295,4.4890103086491,4.72157427916571,1016,-7920,21.3103101868484,4.29434207819988,-3.39541870143076,10.0327196371298,-4.71466881460696,4.59738538495849,7.99369901155149,2.77249687655203
"217","2018-11-20",1.82039692577884,-3.79650390016746,1.52808422113289,-9.45080861332599,570,3652,11.8009644638931,9.89049210545758,2.69300112614363,-5.3028876594917,-5.45537261086988,-10.6336890825034,-12.4962680637118,-2.05341677244011
"218","2018-11-13",4.95935561739067,-0.739271927650798,4.77475936163252,-4.15281406937176,266,2634,13.6750778182339,10.5113955731433,-0.495306616162416,36.8547843266064,-2.28965046871181,-7.70682984981139,4.19671164901843,-5.31467690554397
"219","2018-11-06",1.41850725483881,2.35819831561663,0.604878443312273,-7.21362816650224,1835,9093,0.0655839955559401,4.9970633685529,-4.28340657816921,4.76884675691949,7.92051704403232,-10.5096974192579,-2.59109988775439,5.95426974787809
"220","2018-10-30",-3.14825301119246,-1.01173546384299,-2.75437444358051,2.41074542849748,-848,-3300,-6.34378205383612,-5.59533354521182,-0.0829569593156165,0.123777711062623,0.408746920790293,1.60049602094148,-8.90998069924258,9.4043934727905
"221","2018-10-23",-7.56628626452684,-2.56969412076984,-7.95326047705807,-18.8385748995332,931,10553,-15.763620639002,-2.21687726525523,-4.44276618297348,2.72117333155588,-2.77764897310018,-23.7258869266476,2.76791280733679,-9.13909910591268
"222","2018-10-16",-3.25419490454752,1.30631409979998,-2.82774391978577,-7.76689249764573,-825,6750,-11.7866833930524,-0.518364058051368,3.31605900472187,0.252479845573461,1.3279001283971,-11.7785556837456,-3.59034734962709,4.72952747956565
"223","2018-10-09",-0.776857900855532,-0.256267928749132,-0.939312902526268,0.0914626871953317,336,-396,-1.82516540097328,-1.40757562173004,0.865866570080343,-6.33224820744758,-2.93560405996161,0.613033940043017,7.65716871806585,2.95794108935485
"224","2018-10-02",0.987456777927598,0.0658305454793506,0.471761789136949,1.06410288959768,1018,-580,2.83223534897257,0.199473514905435,-2.39053344554172,19.9716607939518,1.9353940117961,-2.83861104733258,-1.41143322469119,1.75101750068016
"225","2018-09-25",-5.30108721001152,-2.51934906506577,-6.15360143480608,-14.6381333067879,1624,5292,-11.0308982793525,-2.4668985630397,-3.27243308818304,-30.0298429988894,-0.853673994518545,-15.5659903792287,-7.43667529636465,1.03607987445926
"226","2018-09-18",0.39470294008126,1.01183644443079,0.474873333562087,-3.47095480313744,-146,3168,-0.944904750230613,2.04401217805383,2.67409808851635,8.69288536620072,0.0676609086736946,-8.50023949856507,0.901771826349673,4.72528848505451
"227","2018-09-11",-2.21924447243698,1.45227842245319,-2.22676650546401,-15.244040063493,-11,9339,-10.7725545789386,2.38669955455659,6.37478607162834,7.30050427915838,-2.2746391708262,-27.1308578887538,4.17991608621548,0.299959321395171
"228","2018-09-04",0.227812000216154,2.63879771566859,0.261664671543471,-21.0437753095722,-60,12100,-6.00740609919157,6.29874128987673,-1.0805573018617,-18.152621312743,5.21276010068661,-37.0805065946907,1.66358358967145,7.11929062210004
"229","2018-08-28",2.75474081986751,3.61793946525601,2.32995848054358,-7.86038585044366,835,7763,0.385479444885561,4.69215852563671,5.10097921275161,-18.1281334786147,4.54340949397807,-17.1454188860865,-3.99005399220123,9.59170295431448
"230","2018-08-21",9.61409822184009,6.47966476249806,10.3133242478846,15.702801542699,-1270,3667,17.8715586651542,9.10098343217118,1.91959978408107,-31.4433060346833,11.8911249169559,37.0895213908486,-6.72522270091669,4.22523947543212
"231","2018-08-14",0.343571197079484,-1.04694060791406,-0.262097068610245,0.108633876659781,1273,-1606,3.72309397753217,-0.348477530925528,-1.16905901732611,-16.2770224365701,-1.08555886224835,3.57011536781666,-0.493767957386915,-0.850188095231275
"232","2018-08-07",-2.49133958792065,-5.31832839677779,-1.51823121037946,0.974931085100117,-2042,-8080,3.9142039009251,-2.10953143779591,-3.23439818445248,-4.04613595661676,-8.8286107082844,1.60974580364428,5.94304715713019,1.21025755873134
"233","2018-07-31",-1.15184673016753,-4.850153944294,-1.82297862913074,12.9999457537512,1364,-12219,6.411488817605,-5.7472337860867,-0.617994374369246,-13.7235331769723,-10.9319605529901,26.8920787587071,9.29202165077854,-8.24539843086516
"234","2018-07-24",-1.48240320441566,-3.27858472706506,-2.66626363941747,21.0824881535187,2328,-15016,1.90152907921473,-10.7736208088577,-1.01469495437367,-20.7998643145852,-5.27635550210501,38.9512090089767,-1.46420143661228,-27.6434429123013
"235","2018-07-17",-3.67956480436664,-3.01433706466625,-3.83412717580054,14.0612852014845,165,-12345,-4.91246517118302,-11.9863202819786,-6.91414524194975,125.481425126593,-2.47713837453212,5.50771195464907,3.94152547269169,-1.289522149637
"236","2018-07-10",-2.25653927185725,-1.68352392544477,-3.39755825869865,-6.27242241274555,2020,1832,-3.33756930662741,-1.93923318536875,-0.890713640402829,0.618691053060694,-2.84645332209799,-8.09069988704927,0.423978363509114,-3.81659504621386
"237","2018-07-03",-5.74600705727537,-2.14939201289042,-5.21294304534692,-0.714860691826757,-1245,-2201,-12.966671909752,-7.5231714660946,-3.71713093572392,-3.65012674525591,-2.86111633098702,1.66862065020865,3.25464353950515,-9.87755051429247
"238","2018-06-26",1.48749189495287,4.00502960754263,-0.048878807410091,-29.5004538922958,2759,20373,-4.06777691088003,12.663075054656,1.70450896308783,-111.639161720173,6.58608414604771,-24.3242532322109,0.531471158975094,-4.67001209679516
"239","2018-06-19",6.11019663094261,6.10738970647322,6.38455422230386,-10.9806322146353,-51,12620,6.11664595161088,11.7920061092914,5.88306309850655,140.690612593412,3.71523917808219,-51.5682359878941,13.8213665191254,9.99130064323115
"240","2018-06-12",1.69041613141658,4.68090313621712,4.20612502842221,-19.7744251232862,-4679,13652,-5.53927085237014,9.95590572186931,-6.02132448388755,-3.17312270475352,11.6245226509367,-31.3391105349602,2.48229217098483,-17.0066135133158
"241","2018-06-05",-1.43569840080406,-1.06783833591937,-2.50366028326692,8.64689414914608,1988,-4477,-2.37796758340103,-4.96586086315531,-1.49600171430642,-1.71988638637064,-1.62805537925479,13.1264271562786,1.39538110699373,13.5825482072887
"242","2018-05-29",-1.33261938565568,-2.76011310345474,-1.07793171862802,-9.50714719344354,-534,-519,2.25659625379677,0.813846335001323,4.3048535354977,-60.8746089573446,-8.9145662729269,-15.7309870426461,3.41948200718107,39.4068516058619
"243","2018-05-22",-4.14997754036968,-3.92266266564718,-3.50671888282932,9.76221400948685,-1316,-8563,-4.70959015718648,-6.57691879792353,-1.42501836816997,-1.93531726443368,-5.07324785009953,24.9801723938935,-4.99849490067881,-5.66220286360668
"244","2018-05-15",-3.15977574095996,-1.70964215277092,-3.84172771221252,5.67552990806437,1103,-4314,-6.83674173848647,-6.37889474543165,-3.33983723530427,-0.605846471800042,-0.244530861207615,9.99515903134522,-2.95909678451132,1.43326034039788
"245","2018-05-08",1.87633684208883,5.79774548955445,2.32912909944556,3.69551726126147,-730,6194,-9.11016048002082,1.93896047056406,8.13074531160343,5.86566455126185,7.82940855271654,4.00950884567592,-4.47901717185442,2.09972719985014
"246","2018-05-01",-3.33070102591382,-3.59271494761959,-2.88414431270745,-4.41492593544304,-867,-3069,-2.54360975177761,-2.44749339425621,2.66774156658265,-115.352260922111,-10.1157920033167,11.5383261092758,3.58435966473838,-2.45400846455137
"247","2018-04-24",1.46114254278693,-2.43755874385201,-0.0354077848584211,1.47003771990768,2629,-3710,12.2804517939919,-0.464761462478869,-8.55875996719249,79.1512130359227,1.72896066002011,-1.49603854042937,-2.76426051101843,-11.9887242200841
"248","2018-04-17",0.454793436208512,-5.50884688843389,1.33733233097946,6.95051346629718,-1512,-9610,14.3722003099878,-0.339302023151866,-9.2279546464022,-1.93089220281912,-6.5474203866895,2.80731777824066,3.65031216614984,18.7989626622732
"249","2018-04-10",-0.286611398812653,-3.13031585924737,0.865253180134751,-10.6965868614529,-2026,467,5.47204442207985,4.19129112998995,6.63993603003483,8.17119038122378,-10.0213982322934,-14.6196457213648,-2.14865607760615,-9.88212305572738
"250","2018-04-03",4.39132205059245,-1.38019864798444,4.11554161331527,31.495791075492,563,-15337,14.7189579299255,-4.66509022341768,-6.46716846735451,62.4552228527978,-3.31828022057703,37.2169416727941,11.0561300918761,3.00425992795184
"251","2018-03-27",-1.78486715867905,1.12350083698729,-2.75279688204808,-11.8942002460283,1704,7004,-6.78140609274731,0.539802230972697,2.96038412238389,-36.7116026225712,0.476806119911721,-15.7419852516117,-0.248300452725836,10.4903790370143
"252","2018-03-20",0.412835192075534,3.11581638021021,-0.687512018663128,-13.226282061005,1976,9285,-4.60825837032601,3.22258714907608,7.55489713461515,6.97661308133792,-1.01855619471785,-13.1605461682792,4.76225426845343,-23.5708840754638
"253","2018-03-13",6.59842759504361,9.65000709267088,7.42038626806565,14.8505471402313,-1188,5869,0.428834963930846,5.18144343167037,8.4353288112899,-6.9590337545808,8.40598343234618,20.5338667042984,13.8794636736746,13.3591625968515
"254","2018-03-06",4.24381759252697,0.758734680985818,5.33458446671862,7.6103948195712,-1998,-2617,11.2451824310295,4.6040801949859,-0.449549530900661,-103.54369743554,-1.03209509859248,23.7698134577297,5.72475636690317,-2.5882290378668
"255","2018-02-27",2.05430435940492,4.31357008626545,2.92414489288433,25.7292639444534,-1748,-8633,-2.40004588789446,-5.79126822034688,9.57359930580335,-4.71331219808837,9.17945486727394,35.2889844659792,-13.3509301330038,-5.1858209528632
"256","2018-02-20",0.583578546181052,-4.72001679168823,0.86139959428273,-4.78479046208165,-577,-3441,10.5974173957087,3.2834377168161,-10.4516669070181,-11.0737338948907,-1.92416759620997,-6.70887684363244,-1.33790780188381,4.70004622938465
"257","2018-02-13",-0.905835488770101,-0.331175976329057,0.0826760317677255,-2.78137218183083,-2059,1234,-1.91917977212377,1.23911004740194,-0.20826266723919,-0.756477276377243,0.800814896151536,-2.3173433250637,-3.04784110819867,-5.0469834896397
"258","2018-02-06",5.88520793908156,6.77164238810946,5.31171554903374,12.2159630976874,1144,1581,4.28995946764203,2.44219780026604,-0.593203780496765,-34.0452108431845,14.677289794068,18.1243335682753,-0.585208529639125,-10.3492456879902
"259","2018-01-30",5.135857056551,6.16796584087442,6.40239656779134,36.3745985890095,-3011,-20392,3.22741074740005,-10.1441160363841,0.236794281865471,40.0526826467582,8.9164280729948,35.2843579906732,8.1675845888201,41.9131981903162
"260","2018-01-23",3.35432535146207,-0.396245154715125,3.67249462572001,16.5289038024079,-910,-17939,10.0337355115917,-6.34550896152462,-1.63708803455069,-7.65650799351523,7.02674509969263,22.1211392336423,-21.0505931702361,-16.2691585496823
"261","2018-01-16",-2.2943358870064,-2.23064575608163,-2.45286946208623,-5.96093593168217,488,3270,-2.40210444817563,0.51353398203613,-4.47228999939782,-2.46480767650041,-1.42789735728499,-4.90593042433733,-1.02782811834672,-15.1120453637715
"262","2018-01-09",1.6146587259918,1.76603245842077,1.42614272828272,6.18558216461267,385,-4223,1.35777935666308,-2.64617473316111,-2.59093269589759,-9.43976322124813,2.1455766474995,7.13336238968019,7.77544674357369,-0.0639240239108219
"263","2018-01-02",2.98545717956831,-2.05478821794252,3.91350848459755,7.87142055108632,-2442,-12387,11.012775659761,0.236438193902089,-13.6868444775901,10.2278849120419,-0.807602501856408,9.9956488857357,10.4467471463916,-14.7685826899155
"264","2019-12-31",-40.2726802045692,-27.6206256913694,-37.0438280550093,-70.296610740157,-3385,26930,-62.7435215229413,-12.9028386732049,29.2357912456527,70.0067623404519,-49.8096163790001,-82.19384340823,-73.4182675419055,-11.7266968079775
"265","2019-12-24",2.563570353675,2.8640729870439,2.57447790803393,13.791541310022,-274,-5805,1.92348106703619,-4.0970285467365,-2.65769921983114,-3.16809925252262,6.85940631682893,18.4742155303775,6.25068768947923,-11.0413543299225
"266","2019-12-17",4.67700468901029,5.81353880821727,4.60003227757149,14.9627558515503,-339,-4470,2.20041050643029,-2.76381911746402,-11.9332628380008,48.314805924316,10.5647989538381,15.3019613159051,34.7396764909398,-6.96483942898407
"267","2019-12-10",-2.80371196788352,-4.89871799985195,-2.71382427410689,12.7060272942575,125,-16838,1.69375705652506,-16.5740864102297,-1.96782984811943,2.4143005917912,-6.87039013791342,15.0501240715622,-5.06149754532714,-4.84837250254913
"268","2019-12-03",-2.37886130795886,-0.510293744539503,-3.2195083147327,-12.8608051698135,1725,10576,-6.3757220543966,5.91270793726757,2.49230229020387,-4.79053525998427,0.0781222297463913,-13.0774252238169,-8.86550104009203,-17.0924828616357
"269","2019-11-26",3.34823811105185,1.1746218971771,2.4526274503522,5.59160019251959,1328,-3320,7.9758132738835,-0.335542278800638,1.25341710920228,31.2016992868221,0.723276095730441,4.17258864138077,2.41958553012829,-3.6703025966732
"270","2019-11-19",5.07445359108605,-2.84686939117336,6.40662923478406,7.47869698199182,-2917,-9944,19.6338602957935,5.41556662673415,-2.15702292352375,2.64083693738737,-6.47817096574528,7.46900691940908,6.31124233100557,13.502659101683
"271","2019-11-12",6.01572791557903,7.59427481673036,5.60197498225854,0.856069373817725,212,8121,3.36581918349612,9.84013441036087,7.98263843718257,-1.31876209760478,7.3553234065189,0.791193045606775,7.43448916096181,4.11373108527151
"272","2019-11-05",-3.29182832252481,-5.44203542813779,-2.29647748909638,6.7449418491865,-1643,-12983,0.29062645499156,-10.7205732303715,-3.75669152996387,-0.765526845957609,-8.54105198958681,7.8785237064654,-0.738937461958322,0.385297540694296
"273","2019-10-29",-2.01026466037408,-3.45505888281394,-1.93849789044958,-1.61967670761332,91,-2315,0.28559048404091,-2.26368900778198,-13.700989239295,30.3845038562267,1.54977477232698,-4.39484444962908,3.20561671592756,-6.07207654936204
"274","2019-10-22",1.99902302133133,2.01777887979411,1.23594554030699,-3.82571066883681,1277,5968,1.96976380163658,6.1630827241796,2.24963571260997,0.753299230754401,-0.300148423506741,-4.54505742987621,7.22082028439477,-1.44882349896172
"275","2019-10-15",7.0098998619569,3.18573985616784,7.39245020814909,5.19012048408012,-1552,-1361,12.6994157688749,9.38943334752569,-5.64194157567091,12.090511124889,10.4360523093236,4.13225140092539,-0.442100914868959,7.59778173120651
"276","2019-10-08",-3.13715433415123,-6.87747027723926,-1.99593359397738,6.72392700359747,-1996,-14750,1.94036919864757,-10.4320767950041,-11.0839570391745,-1.17992728609018,-8.90722711117284,7.80073340768226,4.14201924012456,5.64750502981326
"277","2019-10-01",-1.71571244684152,1.86468961193658,-2.40142750633296,-1.4470639185955,1631,3598,-6.56679248456502,-3.4173755587048,-2.43001425268421,17.6541645366006,-3.04704615940086,-4.49573205306084,17.1786013279283,4.52977275579336
"278","2019-09-24",-2.74765468027791,-3.04929642128826,-3.26141438520509,-2.88507980437842,1341,-366,-2.32288973927375,-3.66758604078292,7.07788440598733,-29.7073783446889,-6.24336008573589,0.285958918362006,-9.15458290959048,0.63659224115149
"279","2019-09-17",-1.97472692334308,-0.82147205483718,-1.81441732748251,1.38974811538972,-98,-2317,-3.61558182449873,-5.40613303616553,0.062807497092443,4.06996886753603,-3.52523124545439,-0.389292613164116,3.05267937650289,17.2873467938889
"280","2019-09-10",0.828137168400112,-1.4962498832185,1.10500070382784,3.26612343521564,-630,-5037,4.08939092830458,-1.46119673824501,-4.13254200675226,-5.84632786677322,-1.08481804827534,4.00937902542893,1.01211644806547,5.84856566560248
"281","2019-09-03",2.23384806872939,-4.85957278783236,1.10661139008368,1.31495981213909,1976,-6442,11.1660741860566,0.852705194961523,-3.39101476888501,-6.44955943920564,-7.97220622700578,-0.159270776988585,-1.31775976281006,21.0453920338212
"282","2019-08-27",2.5543911066686,1.6043124840575,1.75316587528602,-9.7300727899043,1368,11689,3.64754234045535,14.1969598857955,3.03515361606692,-36.5412640366937,4.69804313984525,-7.37497611183837,-5.4877966843506,-10.2055117771721
"283","2019-08-20",0.678958093174664,0.367944503184781,0.635550125629614,0.587623141093729,32,-202,1.03199634204003,0.681612796881303,2.05210005182686,-0.264288227834442,-0.131902938575479,0.297722341882789,-0.90233412859515,3.38917303742594
"284","2019-08-13",-0.807817394589172,0.466255539937777,-0.950848847761243,-1.33830237639234,352,1797,-2.26909787145608,-0.580050288151313,-7.40254931651965,-0.930548422990896,1.66237821102673,-3.60989377301433,7.92769954230135,14.6512845813479
"285","2019-08-06",-2.65912443651075,3.64819614816625,-3.87205609291321,-8.11344849245756,2554,11454,-10.530929123801,0.0107361589055444,3.69506943880129,-4.45504167009165,13.1221825853121,-7.90650998427136,-15.1604706940876,-11.3456614768841
"286","2019-07-30",-2.09999030361772,0.711713711476492,-0.927792753124024,-4.00635708950769,-2114,4303,-5.99564460051418,1.70214816702412,-0.248297065236436,33.8266003763035,3.2446378068764,-6.78032490517335,-3.94857866087666,-9.91846733061372
"287","2019-07-23",-1.59503007797124,-2.81298766922529,-1.63531706742432,2.20711068514134,192,-4927,0.12461721595205,-4.94154675735228,1.17868352334849,1.89847910985748,-6.92435110456149,0.725861151077289,1.22684443782717,12.1798359999159
"288","2019-07-16",-0.982689878103749,-0.10861488519911,-1.71019673493102,-5.78602147029983,1417,4859,-2.21167047071429,1.78939260033335,0.330194170976483,-1.2286676252236,-1.14239439930657,-4.07111049203799,1.580606857768,-21.0627910917562
"289","2019-07-09",-1.43588973948052,-3.33721285028759,-2.87884213504395,-2.43950021841464,2687,-1431,1.20500418008245,-3.24350581231414,3.55891887261777,1.10647797170209,-7.26906025600851,-2.86083079792636,-4.82799785099104,-2.58267218054602
"290","2019-07-02",-2.1497444456406,-3.69759991008252,-2.45171639371726,-7.14339619990323,594,1934,-0.0856875136108215,1.29672660376059,-1.10589254843916,-30.4159753015966,-7.98749808181114,-3.22809399648492,1.21086215906452,-17.6582171916037
"291","2019-06-25",-4.26824169750084,-2.1753698408661,-3.79024136050958,-11.2302543370639,-700,5954,-7.07711247001335,1.55587079240131,4.48099881462447,-113.163415697306,-2.05274805590605,-5.62141795997189,-13.2066133899849,-7.84605361525639
"292","2019-06-18",3.23293558920223,2.7383436584925,4.2625430507389,13.246517448008,-1904,-6947,3.90924205397738,-2.28244658271226,-4.55761425485033,87.0661035785798,7.79242520770911,11.7540237034062,3.83352314053518,-7.03884426121277
"293","2019-06-11",3.29170270787014,2.16202341924525,3.87279103949965,3.85486701172351,-1228,-893,4.80722961406972,3.88689882009121,3.94647675703741,6.09283116502208,0.891743707855319,4.83418759951171,2.10752315854208,-8.87167493244938
"294","2019-06-04",-0.569750271817249,1.51617575965783,-1.19840400630373,1.92433193020971,1174,-28,-3.40006084102793,-3.72633457515477,1.69780388416996,-2.56292859497425,2.76793542163354,2.47856981202936,-1.66953719061187,-1.05546442226654
"295","2019-05-28",7.73079800896515,6.90340426698732,10.2327481249459,21.9343982898829,-5352,-12822,8.87014936172328,-0.678562752021072,5.50183828565292,12.167530096019,7.80153795153815,23.838175620134,7.16644420275383,4.389952922687
"296","2019-05-21",1.69773235592441,0.994109126326492,2.71567051644848,6.81033259390151,-2260,-6105,2.64925938939911,-1.74595414744072,-1.3612414237004,-58.8154514823501,2.94605838063209,10.6064982103261,0.249319118943703,-9.2550548441821
"297","2019-05-14",3.03688580568089,0.22439792980844,3.19887030975767,7.83038358537667,-736,-8656,6.68888749431016,-2.34301845454308,-1.30113619817198,-2.04054579687059,2.53505169322512,9.18045910791783,-3.00038888274567,-14.2862067857022
"298","2019-05-07",1.12579810109974,1.65112254696176,1.08406211819663,4.8177322395782,-63,-3993,0.461407599126318,-3.82418214112565,-3.26921915087954,-32.4980560815219,6.43293609611373,5.31776871021332,-2.94138852062922,12.2756253625511
"299","2019-04-30",-0.0931263373287194,2.14774536736737,-0.719834991462776,2.21302995329538,1351,-334,-3.01868553727864,-4.89118880003403,2.76380393187736,51.1573706838096,1.86343462453067,0.609885772995611,1.90971294230042,11.1823653823484
"300","2019-04-23",3.98463756412415,2.22264834142027,3.72645780804994,-1.29589046811471,76,4216,6.29759484741044,10.6967404259834,4.41058655400681,52.9770108557861,2.32597958641172,-2.97568365850314,-1.90481949706935,-12.1371606167177
"301","2019-04-16",-3.60222792028395,-0.653142303014498,-2.44809594615685,-0.455512357536847,-2046,-196,-7.5279862261608,-5.11416362028267,6.3183323748973,17.0920060692517,-4.87652280681896,-1.98843342870489,-1.52855399574108,9.72577997116524
"302","2019-04-09",-1.82114619434053,-1.87887852096189,-0.339580983697729,-5.01748180997676,-2905,3926,-1.74165885743509,5.73140776686589,-0.814434464633251,0.416609406899582,1.66523381998473,-5.09230999841037,-15.0728142323024,-10.5948578009381
"303","2019-04-02",3.15724057468145,0.723563211406386,2.23996408250748,3.20299670201774,1478,-3026,6.41173675082438,1.0426008516621,0.791547386831759,0.221484032955388,1.62951307417156,2.71723746371055,-2.54511324295237,16.1066261983825
"304","2019-03-26",2.36710328870355,2.11519719685871,1.9292333459207,-2.6015910529761,610,5610,2.69358596110472,7.34718157786851,-0.794110930674918,-10.1955552169356,-0.373952397335486,-1.37683401359414,16.3579108050577,-16.6965984111012
"305","2019-03-19",1.0467363946967,-1.09102382651312,-0.0575932725549677,1.87750580484334,2329,-3539,3.74336997959528,-2.30589754211756,-1.1888477329407,3.06092498183617,-1.41362001634313,1.90222125271013,0.0503043423254468,-0.133702627118559
"306","2019-03-12",-2.60706507112367,3.34008159325769,-1.70115100133383,-0.115287077560566,-1660,4100,-10.4518337251564,-3.61586378793142,5.94473669743127,-1.02993671082103,3.39095754857652,-0.0803682369554082,-2.06811059846626,0.324396811526562
"307","2019-03-05",-0.73774443453658,4.00256658882334,-0.316658969304484,0.863064458790497,-817,3871,-7.84582160267142,-1.78548812377368,2.63915932534697,-1.74049039835111,7.63563579636717,0.326550262360037,-4.97353146933612,14.3342130334883
"308","2019-02-26",-3.21515138601161,-3.32630739781816,-3.40293104220848,-4.64219956387346,877,1448,-3.03853437201784,-1.86098812745374,0.825118490082843,0.608829886725459,-5.54026778352839,-6.40517380177545,-5.27939597366469,18.3476386584923
"309","2019-02-19",4.60563206670948,2.16799174132518,3.47126132611457,-4.39590853501848,1834,7686,8.35531087101948,12.3487950548776,2.10750539852267,1.17666163741319,5.95057362934988,-7.04245894492477,-12.1359021971848,23.1953216782673
"310","2019-02-12",-3.33408377407274,1.54807426124339,-3.54483686462483,-10.1375623013046,854,12717,-11.0892531033338,2.86687825264647,7.48789026653665,2.09253016122819,-3.59729678103022,-9.89535322710271,5.47363007027979,-22.9071963503145
"311","2019-02-05",3.55778241428073,1.25358126577257,2.86446732630719,-7.95538292358291,1099,9317,7.34023814946916,11.7987417851799,-5.27225883733351,-35.3386397464696,7.73990094645978,-8.31826115253609,-6.78599334755088,15.6789435866274
"312","2019-01-29",-2.39587280204088,-1.36558070556809,-2.96548601863389,-4.75394599499595,1457,2603,-4.05874223831759,-1.64840229211833,-7.27781280883626,-15.7537140724166,1.6634220268779,-4.65229914950136,1.51126616919175,0.0117116589699151
"313","2019-01-22",2.09202235195356,4.26923979644283,2.70012792812508,-1.4316110217214,-1509,6753,-1.57510397931162,5.59269504555466,1.38636168855957,-46.6533524837424,6.37106334929918,-1.46142040151105,2.33143280936172,14.8395775225044
"314","2019-01-15",-2.76708529485035,-4.4179718239084,-3.03222527001878,6.27659122508941,847,-11358,0.0330139784180616,-9.85365130398463,8.23592832753128,103.966138899834,-12.3766536371896,1.7569033909,-4.35157272802531,-3.44064746856514
"315","2019-01-08",1.79241492481541,4.96176099552965,1.57402865153085,-3.52557320550755,294,9627,-3.69712711360091,5.44667367568135,3.64599432341048,3.23178159389581,6.29747270186058,-4.82348208684993,3.09123718449733,1.38019105782998
"316","2020-12-29",-25.5240985025882,-5.67508262915162,-29.5529081986937,-121.622345681729,8668,56170,-76.1333993258788,6.69645631389439,5.21406275742944,14.3635174404121,-8.48010056921424,-219.699169902778,-30.6437623036965,2.73460496181492
"317","2020-12-21",-2.21857154274741,-1.32829583699294,-2.9181324585597,-8.48909178498776,1103,529,-5.54567083622004,-1.83365890186451,0.397478455214006,-43.9546273614594,-4.73070955940642,12.4336139054774,9.04659584578553,-1.78070265713899
"318","2020-12-15",-0.759246213930709,-0.0731398140722206,-0.140797791163116,4.65588981513747,-957,-1260,-3.42223729809685,-1.07018862844512,1.21487749444906,32.9545378400265,1.25180607848883,-3.36538290336925,-12.2239669800056,-7.40294502499967
"319","2020-12-08",-3.67434375101077,-3.85611308767153,-3.87913927613734,12.6287794190684,325,-8115,-2.96011583447111,-7.52308096016776,-0.971521884269499,2.12202772728585,-7.79593439741966,30.9922220902319,3.8813575581349,0.755629724700668
"320","2020-12-01",2.28445278705856,1.38282758643626,3.21706342004404,8.88060257673207,-1432,-1062,5.73530303084198,1.7858061153575,0.372932763051992,-3.3047044534765,3.17668274683207,16.0208060984646,-3.25189495401332,8.99799100191405
"321","2020-11-24",3.41183513732304,3.23053049343454,2.97731646093791,2.26324144394869,632,3210,4.08794175016975,3.16342727091872,0.835040475732107,-7.87144404312468,7.39997024794032,4.10105365143227,-9.14642926280429,6.87734835783331
"322","2020-11-17",6.08605297311922,-0.389649727842034,5.39771418856798,7.73674224636185,1090,-3106,27.0176006135392,4.78178124531805,-4.8219743208108,-4.9731200865013,0.274812226777676,4.15348684041756,15.3735552584799,19.6982859854616
"323","2020-11-10",2.72753030165074,0.838849893901106,3.25815401399776,6.78137588643342,-912,-1433,7.87455388218792,2.29519500699453,-1.42634825090813,-12.9991190718371,3.16225133588137,15.9817044807026,-2.66772247099141,4.61585932950577
"324","2020-11-03",1.09515918436145,2.89659646382798,0.0370593416942455,4.68212491280706,1828,1851,-3.80598351153303,-1.30079254085107,6.60096577732787,-1.48378265817506,1.87263735741769,9.00711271543084,-7.14021070342099,1.36293250839152
"325","2020-10-27",1.11518083614275,-1.38281102539857,0.996592211985892,7.69825925876422,218,-4923,7.82628199298401,-1.0816383461016,-0.348674006592731,-4.80430206702493,-2.43810844147028,17.7237507447256,0.201317783952071,-2.97438712090674
"326","2020-10-20",0.0626027986822209,-0.824599524694136,1.2644841770399,1.03934567226567,-2110,-1484,2.3038887007905,1.3373133808793,1.53805255287942,-6.59456762109158,-3.22172789972495,4.95124102855602,2.20603829083981,-3.01969406798737
"327","2020-10-13",-3.52097878991433,-0.347601304100209,-4.15939410055124,10.9030601208726,1117,-5404,-11.8797834687982,-9.5530357849869,1.21981156644395,15.9500706992166,-1.28906256703996,18.7990172737868,-2.31579774574424,-8.54279773505073
"328","2020-10-06",-0.383206706522188,-0.190694489990761,-0.0909074872378568,4.54346559699008,-495,-2474,-0.922492990781798,-1.98873263747394,-0.712987869461479,21.8173084029429,-5.34948683977756,5.12566319370613,26.8812934458419,-7.13510260740922
"329","2020-09-29",-3.86463259787799,-3.99575429956194,-5.00550934041168,16.7529201751799,1859,-14065,-3.49689188190254,-15.8572726477745,-1.00640841631972,7.05755676759434,-6.09437395698826,17.0419371918776,-6.37507873694823,22.0528796166498
"330","2020-09-22",1.303662435215,1.70732120323187,2.17657565974463,-4.12799209617454,-1410,4470,0.165657593384871,5.69554040966995,2.58440369767285,1.36821093569051,0.104496982699942,-1.01986928005875,4.88824586456733,-16.6565130135975
"331","2020-09-15",0.644306788360893,-1.16457451171623,1.28032365203392,8.66231889908544,-1056,-6579,5.6117865404298,-2.87566233520753,1.75115223372995,-4.14945898278347,-4.29190422980579,14.8578127738045,-0.00709949948820565,-3.75545879304031
"332","2020-09-08",1.43751259279288,0.8580337824446,2.51015589857726,1.25410498871581,-1837,252,2.95988167366392,3.25173702757731,1.81894353125642,-0.507164774168523,-0.620341196097485,2.16209719379492,2.7381704373159,-1.00796609367126
"333","2020-09-01",4.37195686556642,3.61392117411192,5.2453989713193,8.15978155891699,-1689,-891,6.31614339607225,3.50165309698589,3.64487692370812,-1.33079379235621,0.0340393346705881,12.3581147099467,15.5945145075163,-2.83917948432801
"334","2020-08-25",3.15379671915075,-5.4320851212319,2.73898235784547,20.340896203658,628,-22096,22.066161646506,-9.80201551337778,-0.912317157465026,-38.7338494870272,-10.8118511328374,32.1485587992269,-4.41052515172906,-8.85584764872345
"335","2020-08-18",0.263742709313952,-6.15161175258336,-0.109687940732428,6.56326746762357,682,-12807,11.5460453967147,-5.99203212989377,-0.784784695131968,38.7724868756205,-8.16995458467282,3.10786845929769,-20.1845021132504,9.7749968598869
"336","2020-08-11",2.04702458704258,-1.97503944442534,2.38735507377346,8.62908897080157,-708,-10265,8.20182375642879,-3.84823101738299,0.531080205590584,-1.71432769864381,-2.59833068764781,8.74412021516182,-10.8978373291233,14.6212222572972
"337","2020-08-04",2.26120814907738,4.70946804519503,2.09366095477019,-4.08855895742892,237,9215,-1.41024649083388,8.27335533988887,2.80677796943287,1.08137331524283,6.84124216768236,-7.75678430883264,5.78044177665245,12.9669362123161
"338","2020-07-28",-1.24279845087525,0.0546265680787528,-1.09621325242806,-5.15095388401079,-236,4768,-3.28269276039901,2.56970063164523,-1.4752861627036,5.96103030579993,3.74148691012177,-7.32234229739781,-6.92486150627882,-0.925484884650096
"339","2020-07-21",-1.18933746758447,-1.67571654043357,-1.28767302876902,-0.128157583896105,231,-1803,-0.416626763987615,-2.30733842150777,-3.98779957828577,0.462851009011089,3.08605536667876,0.926321150936182,-10.8216020607779,-5.49079236533192
"340","2020-07-14",-1.3534241347557,-6.65886394358957,-1.68655347439586,-0.921030146673374,668,-6493,6.48846348837431,-2.37207669231267,-5.00369865310528,-9.75730370785328,-8.48222529725682,2.11547344136314,-6.84094527725136,-11.5083632918246
"341","2020-07-07",-3.84864456537972,-4.31861663487503,-5.10807843456522,4.13009842470249,2347,-8200,-3.20171518680485,-14.2429117874816,-3.62430257246622,0.867076732294159,-12.2228547868913,5.59720686059322,22.7326043757323,-2.43081976312798
"342","2020-06-30",-3.62356386820331,-5.37147631169343,-3.42198939068172,-0.966582424039153,-323,-4433,-1.27939294241326,-6.15342766238367,2.23370473982438,-7.78646236362164,-12.0246610974993,-0.633224831531543,-17.0574630329993,1.15617909902141
"343","2020-06-23",1.0262695485423,-3.40508295309103,-0.285377261339015,-3.84818098632103,2236,207,6.5655521252431,3.63272791092513,-1.79098572641525,-89.5686095290774,-1.86246465455735,-0.102913575594421,-17.5539531833191,6.16188110342364
"344","2020-06-16",-3.80188475398739,-0.168763711793396,-4.38566882030482,-10.6466141115963,903,8678,-8.30190272535596,1.84534973610084,2.59832091087091,8.74800903799784,-4.10316995239342,-16.9282870340901,-0.897589455497538,15.2067415742609
"345","2020-06-09",-6.29837990382534,1.03389409093833,-5.99382678719369,-12.3343958188752,-603,10092,-16.6284734524258,-0.408603871866653,-1.38688641942188,5.84998676402293,4.40062161925692,-12.7419185366616,2.02535671962529,-14.8705279575765
"346","2020-06-02",2.05514469345314,-0.354129926040336,3.01808110917943,6.60666112014336,-1480,-5080,5.65381452465026,-0.0608973421009296,-1.21545039442541,5.87102662531329,-2.44907816951443,8.18483375554404,11.904086581392,-0.0546554766680529
"347","2020-05-26",-0.179740058262823,-3.73397030025266,0.752907343867548,0.699073659774108,-1478,-3951,4.75776192377086,0.800637169410834,-4.14069932125312,7.82337107320235,-2.90527246466556,1.09961909806113,-4.53618159792324,-3.20611494966254
"348","2020-05-19",-3.97169595084641,-1.23885513003632,-4.74313320472923,-16.080260640779,1227,9999,-7.7304333597791,4.33048389706787,2.44164161051952,3.97403286495148,-4.73765430124367,-23.3932770804405,-8.44985847975828,7.48680518835183
"349","2020-05-12",-5.11000862596518,5.79330028694098,-5.60999809304175,-27.2352897535045,724,20493,-22.9839553743426,7.53796341116537,3.20371457419313,11.2591755541267,10.8646975356919,-40.1345383024735,1.35344687572072,-2.38530220144
"350","2020-05-05",2.80843560988782,3.87493915931749,3.54345820914013,-2.12986836618434,-1071,4750,0.756124581793216,6.31926458441274,-0.828248440998181,2.36098656391341,9.05698581923513,-2.03650499416543,8.98316168870092,-3.91502121516769
"351","2020-04-28",1.89803640945509,1.45745667186468,1.73861773705895,7.16615909433358,233,-2087,2.75363054223821,-0.911988617195725,-0.447758958650901,6.41217676412289,0.521364023445514,8.07831723299657,14.078507054389,5.19425894472381
"352","2020-04-21",2.28336853049491,0.2428622800414,2.28417091336883,-5.26749993087794,-6,2859,6.10647149955934,5.9156328065308,-5.62455133150923,1.38675512204642,6.76277877524996,-8.83047332082239,2.48938752957581,0.783785759365507
"353","2020-04-14",-2.5318471417604,-2.14070650926299,-1.43327556935251,3.43320332189752,-1662,-3803,-3.24749596369518,-3.72662802787023,-0.943292737646395,-12.554690962858,-6.52645492771224,9.63662493683781,7.82305576921392,-6.12159684613491
"354","2020-04-07",1.47581069289657,1.92597418982423,1.35702305352527,5.45411347589368,156,-908,0.642267790281004,-0.706675219156239,1.64233783304599,1.98437521993711,-0.158353160564495,9.00914705513518,9.16329329294587,-3.35988757429853
"355","2020-03-31",0.684055124462724,4.06966250417717,0.179552974370267,-0.21580699336301,772,4249,-5.94845475004284,0.384299127916776,8.11364775019854,-0.618771310816513,2.49137358148825,1.70567047255226,-6.4966815131017,-6.06504144897695
"356","2020-03-24",0.795415382489928,-2.59592433173577,0.837303559336355,5.96252998445532,-73,-5899,7.43860699664882,-1.91548919165641,7.90331164721838,2.58693799784169,-10.6425397480521,9.81918318189461,-26.0506698288875,-6.25118702863503
"357","2020-03-17",6.52439797380389,1.51864848052607,6.38059512951283,22.7881461607435,171,-12789,15.2315265315391,-4.11187640983144,-6.83782905349801,-5.2898052366336,12.7165692773881,27.1940712429474,4.21378325760013,15.5643217417765
"358","2020-03-10",3.85430161038833,9.5136457592794,5.26344971502333,13.4932429336581,-2490,76,-6.08216147545289,-1.21287114466142,0.869795109215588,-7.68004494024801,19.7576869229332,17.2822969521656,9.18918002489253,2.86678948695709
"359","2020-03-03",-1.37325206281815,1.7729745850021,-1.30944901623007,-8.50090400736558,-65,8579,-7.63385175400479,4.40089328819315,-3.72485066972725,12.0697540909839,9.05952913550667,-13.4370418596054,-6.61550856048745,7.08751568468653
"360","2020-02-25",1.45798602647265,0.595617128753645,1.27014050372196,-10.2815351144336,280,7911,3.23326558435841,9.07800578961808,-0.723699761170593,35.429870519685,2.20820454738604,-17.6485417133195,-1.43347492838011,-0.689482718345857
"361","2020-02-18",5.48830309928938,5.86846680095281,6.44423626683412,-0.506368235725319,-1957,7319,4.71146115429857,10.4801427986043,-0.466731340322823,1.47987587404401,8.72449166173617,-2.25945686926696,19.3802554808638,4.36059679724625
"362","2020-02-11",0.125126240147644,-0.827084402187239,0.900930951157619,0.105391539287325,-1466,-1079,2.05419001458544,1.33543634170099,4.22196858005321,-4.98221075979384,-5.05965115827074,1.89894919356899,-1.6743528882218,-3.50489904514966
"363","2020-02-04",1.29254834657857,1.01221904465039,0.514357159197409,1.198138617716,1398,435,1.8500047220142,0.141214714692595,2.21763793200935,-4.84617030070122,-2.69044224088191,1.50420485158627,12.0602158912298,2.73501842279078
"364","2020-01-28",-1.62986867543804,1.06417178228355,0.0595029676889069,-3.59365424018847,-3099,3687,-7.18899354768539,2.0083282592152,2.83864275352261,-13.9262067333506,-0.442554528715355,-2.93974497943008,0.158171001413798,-1.78639470827999
"365","2020-01-21",-1.11506701582158,-0.113737665474289,-1.30664710722357,-8.77388470030631,451,5309,-3.30314314055489,2.35762338023697,3.07882229934879,-15.5803518126252,-2.27781929577038,-5.7263612582279,-4.50364423446672,-16.8667964375977
"366","2020-01-14",-2.92492803630182,-1.78912838653194,-2.78075086065979,-0.159977132134159,-38,-2102,-5.49387365717244,-4.02069410430919,-0.565218510879184,-0.95405028478428,-1.58865358936033,4.3075239009351,-8.03182898426105,-18.1458327756168
"367","2020-01-07",-5.82473636708922,-8.72280249681427,-4.38586900391211,-0.893830436247001,-2050,-9638,0.549425996718078,-6.11480519319194,-13.3412096168881,-26.3885177308198,-8.1615175688988,2.08828864900159,8.03934354372355,-5.10208504839351
"368","2021-03-09",-8.34695485032366,9.7503557727137,-17.3338931059808,-56.147951516235,14591,36689,-62.2390974183288,-2.19285958378457,4.49442477687221,108.954031370289,26.1430914096394,-106.282351929845,-53.0019779771129,-17.8845072855777
"369","2021-03-02",0.907654200561936,1.33940671726585,0.662179862786694,-9.41213333666351,406,4671,-0.976615021529348,3.46197099250443,0.987075689287842,0.876751461882286,2.27844186774515,-17.7517464083433,-4.15776312333254,-6.66869694548975
"370","2021-02-23",2.42836897674987,0.668615279258411,7.4436222127483,10.3291489476613,-7659,-2486,9.84777160374204,6.67810985367652,0.641856876200109,-0.437414867611174,-0.471313925989492,-14.3919141281577,10.2014492766516,53.2947013609663
"371","2021-02-16",1.87880327202876,-0.167533625680605,1.63536553743349,-11.8407288835321,346,3570,9.72172584412991,4.98484469253953,-4.30047927134094,-31.1165642890852,4.47148582962402,-8.69484878631397,-12.3674046704208,-1.56694911100193
"372","2021-02-09",0.421498253887265,-0.0854704320360611,0.450245619808065,-4.02734435951562,-56,1080,2.24974562732463,1.44511076441578,-2.12587471364341,-2.43691191365532,2.17449078357017,-14.9273118656756,-7.64226304136439,3.64490475654407
"373","2021-02-02",0.978083379219008,2.1589515360688,0.276542050824169,12.065631385946,1125,-973,-3.34822321357784,-2.46550052445489,2.79751161495785,-2.32249890928991,1.04189315082461,39.4489902964397,8.61669218883225,-4.42127444703164
"374","2021-01-26",-0.644149569021657,0.0539477657991227,-0.183046734156456,-11.1111922343136,-741,3496,-3.3179676230283,2.37190436629593,-1.5769104580043,-2.70706568117056,1.4786913199881,-23.116634709551,-2.49552733453147,-3.74469160256261
"375","2021-01-19",-0.0678179146163416,0.547989289066564,-0.412775666791454,1.08459453379588,561,385,-2.50344485573564,-0.742882901566055,0.377525650207033,27.5348111284812,-3.84828533075368,-5.09457738938046,36.5459773494466,-11.3713735155269
"376","2021-01-12",1.32927240905882,0.496282782575364,1.77085666340133,4.80484412537603,-744,-811,4.60643872324198,1.0831528280999,1.17561678360047,-12.2161844686898,-0.973837849598524,20.8532085495456,6.5992622947519,0.874114829372097
"377","2021-01-05",0.00736983037441519,-0.444989570806698,-1.15417101482915,-5.14124159512477,1904,976,1.73202887496515,-0.255655199272553,0.144501544389541,-1.73894856888595,-2.1289955621171,-6.7371068662478,6.74549298110971,-5.80324400105994
