"","Wheat_Srw2[-1, 1]","Rd_Long_Tot","Rd_Long_NoProd","Rd_Short_Tot","Rd_Short_NoProd","Rd_Net","Rd_Net_NoProd","Rd_Merc_Long","Rd_Merc_Short","Rd_Swap_Long","Rd_Swap_Short","Rd_Money_Long","Rd_Money_Short","Rd_Other_Long","Rd_Other_Short"
"1","2013-12-24",1.16203583693117,0.518476251345312,1.29280356811154,2.56962917012213,-162,-3860,2.61187898341912,-1.300195039315,-2.10969949184125,22.887607680228,2.67069237282325,0.26756209702512,2.7547749145274,8.02032857549726
"2","2013-12-31",1.43772495969845,0.665686047880776,2.31270479520056,1.98423327061068,-2319,-2497,3.13775483772005,2.98940688942153,-0.384476085748275,4.25562598791807,0.411283439538046,1.26186235080681,4.58193436932355,5.19231537879339
"3","2014-01-07",1.05840607148924,1.60147089124756,0.818782782690874,0.996159810282471,889,1463,-0.133026680800086,0.454203695749911,0.90563009310145,8.33785227526675,0.406192424410179,1.23434847988051,6.79692174553974,-4.13434782905977
"4","2014-01-14",-1.90611494907511,0.833120956664146,-2.1258712356186,-5.19021637777488,324,12012,-8.24886823416993,3.908102925182,0.995923625778516,8.37052362934969,6.41424418909899,-6.91808170825752,-15.7474478867872,-2.5018678098105
"5","2014-01-21",3.24843806618915,-0.561663264817192,3.49864290714788,0.0010455821540134,-187,-1232,11.921046345987,9.76586020862449,-1.71492453474986,1.20049460968232,-2.34567150005702,-1.39817464511562,8.51332916260361,7.18350246900528
"6","2014-01-28",2.79394192632587,-0.606751433709185,4.24818712347115,2.77224854493401,-4085,-6698,9.70166299399864,6.71788150026007,-0.560935727414069,0.617325605250585,-1.00585950945611,3.3238693347041,0.402668217412483,0.974027796626764
"7","2014-02-04",1.16718697964551,3.44504119599982,1.96337454540263,-1.57235782623601,-2407,10676,-3.38025465848073,7.50639322501208,4.42711971241216,-4.99479596127408,5.69858718741951,-2.78652831060082,-6.4513405290727,6.63902756016856
"8","2014-02-11",-1.94703679052957,-0.673932536157373,-2.36255771656939,-5.43235217649212,1108,8727,-4.62949808170308,2.06731448175876,0.436862971934637,-4.88878844233813,-1.41110781274527,-7.72575403678726,-2.00920000826876,5.11685268512281
"9","2014-02-18",-5.04261081592752,-0.521171476554549,-4.6363092701478,-8.69424618892864,-1797,14108,-15.5123859648436,0.74394708782517,2.27259835442233,-0.255084103453385,-4.80087003245657,-10.1062509017364,3.37614571287173,-6.50555168486235
"10","2014-02-25",-9.96552658705046,-5.36393771701373,-11.5034160971645,-14.8361941635358,3216,11582,-22.4736244399072,-7.44119019685368,-4.23001877417182,-3.2666855333547,-6.28235520489699,-17.0856714867782,-6.46067911211574,-11.3224751977405
"11","2014-03-04",-5.99523654207772,-0.784430017185933,-6.22182342755,-12.2286435941314,-193,15036,-23.2487529665155,0.402060187204434,0.804517813652161,2.58326292601598,-0.47021659852895,-15.0244934657929,-7.42570642508973,-9.50460189632931
"12","2014-03-11",-1.38976079493549,0.104372648522677,0.232975654831868,-13.255261225806,-4246,16137,-7.13484235577955,12.510662684892,-0.243234524302949,-16.2027418553862,4.33941488000311,-15.2654281119524,-13.3336222012259,-4.36788230665215
"13","2014-03-18",2.31886118018583,1.90351934834698,1.4727899284722,-11.2327690636338,2383,15949,3.95802393163507,10.5908207407248,3.66084414851944,-30.0844050998728,2.15269537156733,-16.1777785247708,-6.94452297996246,11.4659975850516
"14","2014-03-25",2.24912968087274,4.06026194977755,1.76953353117586,-4.05920591792182,1507,12819,-5.15771200895827,5.34690597640211,2.0010921889309,15.0577739397182,7.44963238276828,-8.66990895781203,-0.896531966891878,0.2428802071476
"15","2014-04-01",0.890748065507907,0.19096524291875,0.545999503312267,-4.89120772714795,1019,5025,3.83402073814665,3.59744585157831,-2.00010573783675,6.71950830635524,1.52119064991787,-12.3620471517951,4.51204352804702,6.55699555337357
"16","2014-04-08",0.0789397491747224,0.635569227228672,1.86485942784262,3.7129616537527,-4722,-2055,-2.25345236795924,0.856551279184004,1.11144409076083,-3.19018151253392,0.63512825002725,4.49949004352508,-1.55434179367848,4.83538373362649
"17","2014-04-15",0.303590184347335,-0.646368849252354,-0.126118759197169,1.18862048595343,1177,-2580,4.24431849078228,-0.861239291936222,2.76322863398715,16.246238813304,-6.38236652742012,-2.08213057143443,7.96222746213058,1.45917154441459
"18","2014-04-22",-1.04729332749027,-2.68030154801977,-2.54330379257652,-0.443948432731922,3819,-5450,5.30397780885821,-3.74899504715245,0.418561217136215,-20.6186252029479,-7.6551922072909,7.48330772899326,2.2413046568893,-8.4802322094454
"19","2014-04-29",0.703516837443097,4.78694560907194,1.03901107999409,-3.61465323944987,-783,14015,-16.2312645140663,3.65929448270794,0.920893908531006,-7.95752052352405,12.1507679125886,-7.66761939553913,-6.40150620753257,6.28868770251767
"20","2014-05-06",0.261825695646323,0.628996429516704,1.55633129718424,-0.12323659740332,-3402,1546,-1.44921173108798,2.45651390436414,-0.117109745202981,2.97212740486454,-0.247897881985004,-5.4733119201364,7.58693539325197,8.48871749668323
"21","2014-05-13",-0.156506716010263,2.27405013771538,-1.26896986891136,3.2605569759264,2936,2189,-12.4695907809423,-3.75114308653792,-2.17679038011322,-1.71158425859641,2.94097059015836,5.36365877855243,17.3143341669224,1.19469594904782
"22","2014-05-20",-0.027495287987378,-2.21758152553964,-0.378639440794437,7.7804480807325,921,-12852,11.1454254862492,-5.32347198128313,2.41461375394376,-11.8072551246188,-8.66196159642953,20.6951134292195,2.10341854731926,-12.8890337419508
"23","2014-05-27",3.41949526344312,1.4704709958556,2.70162426870737,3.22616309614308,2417,0,12.2343537270465,2.36078811744633,2.76696400391288,-26.0187058003515,0.470005434708654,7.38180190274456,-0.157403873822126,0.601037328372378
"24","2014-06-03",2.41784710642179,-3.07666725863402,2.35239515502439,8.20628499578433,572,-16145,23.0540514284053,-1.66136665792642,-1.17490165360987,-7.81110567911583,-11.1008574115234,11.7121505163867,12.3975557617028,2.17811302902557
"25","2014-06-10",-0.412473266177749,-3.52474546437822,0.712267587256576,8.09009981339663,-3182,-17541,9.22398902731434,-4.96069613490793,2.08677721361639,7.41079721537226,-15.2417797659771,18.4707760888406,4.56354047756626,-29.4676429888405
"26","2014-06-17",0.444210360452502,-2.40758672030186,0.686185785535542,-1.02518177644999,-618,-3884,8.29804521668027,2.06913529844108,1.91243876238545,-6.88055570791715,-3.03598971092693,-0.317057970105949,-15.8743826547115,-2.58943682708797
"27","2014-06-24",-3.17708218467718,1.28467167881929,-1.88727989564672,7.46150205394152,-3924,-6883,-15.8622934343718,-10.0055813647081,2.48397050662952,-14.256706293561,0.473562767640878,11.429516980156,-1.4358947075447,-7.02033737844499
"28","2014-07-01",-0.781095129792142,2.3981412720115,-0.905981581082571,2.5654347284032,272,1732,-11.3306160761745,-4.3103667740203,0.448433174596374,-2.99858040094136,5.970096185718,4.04977430876645,1.48229995880005,-4.7579661871934
"29","2014-07-08",2.89170452499352,0.547014563074022,3.56932410202564,4.16564967194333,-1641,-4635,10.8094573477715,2.96040115444782,-0.30964304003529,-6.28118116590279,1.26436282912881,3.88453489240543,2.07924061575291,8.58380724966814
"30","2014-07-15",3.53041610343059,1.43265065558733,3.44732772721752,0.773757469960401,511,2078,9.97903625555754,6.12141395999561,4.40025827285702,-10.9504971984748,-5.43488582420828,-1.46669465944953,5.95969255038185,15.4846741367107
"31","2014-07-22",2.11894037008395,2.31184170077157,2.15529885829024,8.12155589419472,62,-6961,1.54849876644558,-4.01818098823057,0.319344463524907,-18.9815737067294,4.99173767141361,9.48810472257584,3.78354586516885,5.55430959711369
"32","2014-07-29",2.76911151106241,0.770850533128886,2.98842649656326,9.10793031605799,-449,-13145,8.47604677448892,-4.20254324901208,1.09511322201552,-2.80338724493632,-1.56116707826452,11.9572250431675,4.54715343301562,-5.37799958992888
"33","2014-08-05",0.631092376510978,1.60837919178096,0.63076574275911,0.404669087938991,49,3055,-2.10508809081666,0.914027802478756,-0.900550249912513,31.2183620493599,3.89651801075797,-1.42428949449194,5.37843511287388,6.15668706271855
"34","2014-08-12",-0.956566466366482,-1.45500592253764,-0.734763828168106,-5.89213263960424,-754,6452,0.45164296539042,5.35737011487409,-0.802026647080289,-37.5658980075462,-0.702223042940631,-4.61882096962611,-5.17606847926597,-8.13531715260289
"35","2014-08-19",-1.58591768147378,0.161327927461485,-2.12193253101134,-2.86348304824386,1510,4954,-6.64427016377847,-1.30029853552873,-0.271541328516456,-13.0224875779749,2.86654912488622,-6.26684037297931,-4.24729424337524,16.4792953539688
"36","2014-08-26",-3.79796024739036,0.189895141106255,-5.24160214709326,0.128036932689213,3842,239,-16.7941820232647,-11.4978687865626,-1.42772498566615,25.8565074009015,3.33654926290201,-0.981197161373615,-1.38649378813209,2.25265372611663
"37","2014-09-02",-2.18869439616132,-1.00870984457693,-1.71675157352702,1.49384127902028,-1587,-4709,-6.49387294956583,-5.82928449551474,-1.51839015505324,-1.72772705714017,-1.63463175587264,2.93050720810566,2.21506662274749,-4.94589924363638
"38","2014-09-09",1.73150806626321,-0.516713707600047,0.0711888206669897,3.70716793910209,4891,-7238,9.73939887177711,-4.9741287576694,0.223440910994377,-4.7007521656024,-3.96417901236656,5.20715282498827,4.56056996565515,-2.92099015994864
"39","2014-09-16",2.4263721302308,0.330986785797727,2.09954389267804,3.22240176939967,1321,-4687,9.20941174659049,0.449544474544084,-0.225148488368987,-5.42122013357709,-2.40952909231762,2.57341787272463,7.53939854031138,7.73598981395374
"40","2014-09-23",4.50159402239372,1.68194534921291,4.7484212140672,7.63227140275866,34,-9725,12.7616531217303,0.291080668478649,-0.17090515508027,5.82631328013523,1.87581921441424,8.85746750689851,6.71978087145604,1.32648552025643
"41","2014-09-30",-0.768402476437835,2.34691676414034,-0.76279597865625,1.16121028799139,-146,3382,-9.94977174028477,-3.92733096921649,-0.700335863911761,-12.0783489782687,7.62745053479001,-1.09195830864532,0.979660285965345,14.1457422464029
"42","2014-10-07",-1.82753998543301,-0.492561240170275,-0.408969709458873,-2.66137702150004,-4493,3750,-6.13213208845647,3.27991100190825,1.70617338705199,-34.3403993385189,-0.510706761792257,-2.48776982323893,-6.80501061197365,-0.904870209674336
"43","2014-10-14",-1.21037986776997,0.0226901244309019,-2.37797041307797,-4.70299687967692,3264,8443,-5.41276247188662,1.21070940209016,-2.09190275916988,-31.9257912906949,0.0136362227873832,-5.45876573715738,6.15457070819367,0.320301734037365
"44","2014-10-21",0.606371508837178,-0.266302778965866,1.43355704222081,-5.61709347638839,-2333,8883,3.60396760565269,11.1480943974225,1.00050300140033,-7.0710075578317,-1.07676667520895,-7.27883129760709,-2.26135412519266,1.46896703463373
"45","2014-10-28",2.0656477963799,2.81611645325626,2.04338615157038,-3.56748087401257,342,12552,-0.505134222912673,8.72947508327861,0.214622633143513,55.3198653614789,2.31973793036317,-4.60877908712902,10.8188415218562,-3.03305408845347
"46","2014-11-04",-1.41644519829747,-0.922067489274703,-1.87519863714414,-8.70674366691784,1167,11011,-3.15770712969385,5.26381285973088,1.15495318049401,1.70216875694313,1.56333846995711,-8.75571463086757,-11.3897935084674,-9.40975781481033
"47","2014-11-11",-1.98441974660515,-0.598259250670985,-1.33116794684724,-2.06477472733653,-2185,1534,-7.08380739853745,-0.621395101093114,2.22193325857187,14.5067965252938,-3.35446062685403,-2.76214909703043,-3.43203549259954,-0.93151454808087
"48","2014-11-18",1.00365088705381,0.393852434904751,1.52748071572653,-9.47826274423278,-1419,13853,3.28780128302029,11.0681659064358,-0.553985923468048,23.6196673558789,3.68175771224362,-15.7670775572143,-3.61756236174653,8.58393856778044
"49","2014-11-25",-7.95395533087149,-3.20325338810825,-9.29169979100983,-1.66017275859094,2782,-5474,-27.7538763186161,-15.6950720277893,-1.35686838301918,18.6374114794695,-0.740351128058059,-0.412953834636909,-15.3524110626019,-8.54509881657286
"50","2014-12-02",4.51197606056368,-0.668993537283313,5.83187553478464,-3.75451108031157,-3106,3145,25.8846053102502,13.7380433534235,0.889103309914319,0.433934289068105,2.88087484736863,-6.0631879311364,-16.8973139380403,2.95310400823592
"51","2014-12-09",1.98661902497683,4.20884037485862,2.51671910694622,-4.35615674617758,-1333,15225,-6.49489032922261,7.41334306145127,1.00688565179343,-8.91589706393319,7.75122507416555,-2.1690069766473,6.77416777509077,-10.5985272822855
"52","2014-12-16",2.81495648298744,2.00905817460093,2.6851477247245,-7.25636590480416,660,13155,5.99661918594236,8.84758295951205,-0.0975053581246499,0.307219903697131,2.07738421779808,-10.5215339516887,10.0829973027922,1.74147379613796
"53","2014-12-23",-1.8575421005206,1.08609459720572,-1.60552793467765,3.44762671343002,-931,-1141,-14.1441188104528,-4.6138065746252,-4.668301077729,32.1324034042345,3.84210329827166,-4.32491395626915,13.1266140835393,18.9083151711838
"54","2014-12-30",-4.68526131590785,-2.77820444021177,-4.33802124585583,-0.312900772374114,-1402,-6492,-13.7624039200746,-6.91651784727849,-2.20175990005078,1.35964025171003,-0.926328487203598,1.20667306979225,-9.76127691316258,-4.26499146266153
"55","2015-01-06",-2.17400243575909,-2.33054692305146,-1.98739352351005,3.23847944097668,-685,-9316,-1.39025739815306,-5.60395342429452,-1.1614263456762,3.61385256130777,-4.14795537566377,3.12206096096883,-1.10823593070428,3.45267470696005
"56","2015-01-13",-3.33395715899591,-6.26339534300726,-4.76517385735775,-3.99470902407568,3589,-9845,10.1067458400619,-5.32616591302677,-7.13119879311801,-8.49118094388253,-12.1268969808266,-7.77131001623488,11.0075764562632,5.48136531469918
"57","2015-01-20",1.33270695053174,-1.80088031010204,1.06802378186135,4.35232586582845,853,-8967,13.5999365900535,-1.40973063947047,0.584193936494692,-5.65122102633424,-9.85728174774056,5.60108930471799,8.09558367221737,3.23383389558689
"58","2015-01-27",-1.25077034167607,-2.77207890184883,-1.38355238356418,5.87389891209185,208,-13072,4.08021234832852,-7.40595154363994,-1.32387227683406,5.38500381346783,-4.14461866347988,8.17229365799115,-4.05548695473144,0.69927360992299
"59","2015-02-03",7.57829407710986,1.8279918860328,8.07510790282624,15.3098640627521,-497,-16614,24.9100531822302,1.1904015185479,1.49493419229643,14.2686090264858,1.50336945872098,17.977610960634,3.30923352285151,8.85934084770792
"60","2015-02-10",-4.16503235591659,-0.190076410713935,-3.7269671322214,-4.08084629211647,-1664,5375,-15.7083554717772,-3.36687203397652,2.9040460681804,-14.3930866810399,-5.27276753506918,-5.90235808919051,0.558961739078612,2.07127812893031
"61","2015-02-17",0.0899716667465356,2.79548388836286,1.21307908750321,1.63906498441708,-3111,3843,-8.91437540247999,0.779294585826307,3.13358728898052,-12.4119796563241,5.10007858776138,4.64721904836374,-2.24717196878981,-3.96328327390787
"62","2015-02-24",1.45934237186278,2.20728141657336,0.630597193703153,6.34067553294564,2434,-4275,-1.22646131183135,-5.56716481406738,-2.05975642017098,4.04673788715417,0.497914893725593,6.24305853240923,16.1949975813796,6.89292022275101
"63","2015-03-03",-0.890582093538583,-0.209304447178482,-0.376024038097533,4.83166337508152,-1516,-7925,-3.41965277047933,-6.73214649557181,2.54398412793435,5.87907516666917,-23.3661920415649,8.25783966571407,22.9424469840589,-4.80847229609758
"64","2015-03-10",6.63984989112834,0.187339266294728,6.0723762402068,7.54589667005341,2199,-11952,27.8058852583364,4.1339732967808,1.46610270779437,3.33663239478401,-6.0466043546322,6.4728822722282,3.65040573140298,11.2242470380334
"65","2015-03-17",0.204911439401734,0.192251197139015,1.47906722161171,-0.059911192262696,-3804,540,0.241136471917436,3.50206009540575,-2.00337914520592,12.6293725324292,4.98780176643052,2.36381884128694,-0.136744176329273,-9.16963561984208
"66","2015-03-24",-3.19846623474618,-4.36175501314224,-2.80991685689589,-4.10543448625234,-1320,-2887,0.0564323485189533,-1.16145501472484,1.86841385842698,-24.4517930970625,-2.80363897191958,-2.56966833101018,-18.7712784280846,-6.01347827855552
"67","2015-03-31",-0.775957417024031,-3.15535255812911,-0.820004663171225,0.22257969161501,94,-7145,5.4609463753021,-2.14279505503576,-1.99710647636397,10.77603343441,-3.18990506813694,2.2719915970697,-5.80885301833867,-8.44786862730924
"68","2015-04-07",1.64975424877394,1.5615020142981,2.83639979962462,-0.371446220162497,-3459,3936,1.87101587339793,6.80948384431073,-0.159520570969995,-1.36422866102279,1.60216551279326,1.0116967533861,5.48014084940469,-5.41783418231159
"69","2015-04-14",3.1987804824265,0.528247062282539,2.58691063333583,6.49802212342223,1922,-9813,9.58692554804603,-2.29637936630311,0.42572214191452,-31.9199536000834,-0.290404012425505,8.46649531430543,1.64875773751305,4.21351727860877
"70","2015-04-21",2.14990094462397,2.38341779376015,1.55258518842416,5.48225607079296,1936,-4599,1.61391206299744,-3.81838318552035,2.07457510911411,-18.137696451412,-7.73528127589067,7.38482933581768,12.8828723307494,0.0535698355122349
"71","2015-04-28",-0.771535022330916,3.15832584947024,-0.92587594367366,7.52738646350615,440,-7277,-10.4614305243935,-14.4284653458291,1.31785530455488,14.2842412317359,2.87761436891003,7.6988520793936,6.95272358418482,6.06911264219026
"72","2015-05-05",1.76995770993997,-0.0692290193622824,1.71022120896982,3.16750816284337,284,-6538,6.46946342678696,-0.942742361015725,0.499687112151292,-9.73800382406012,-1.12314881766569,2.43935792958965,-0.256148934768063,7.60262002996512
"73","2015-05-12",0.291711674301176,0.627005132355052,1.08043225061181,-2.26914592703391,-2483,6026,-0.542401477609289,7.02187273948738,-0.113228270758903,4.81115999851536,2.08274388527308,-3.53250739030297,0.795663056854679,2.25547426626189
"74","2015-05-19",-2.31200151500097,-1.65971806458387,-3.72909695679642,-10.8455856096299,4302,16781,-3.96310470317083,7.27513341322457,-5.181687963805,-3.53725742077238,17.8787476113673,-14.7046919940269,-14.2015586028467,2.57731377923509
"75","2015-05-26",-1.44774087560577,-3.80800252194557,-0.672043120204613,3.28516496475135,-2460,-14431,4.35362609343599,-6.54383943025376,-1.91918348258859,4.24072352522487,-0.0352174682280548,7.3371160688998,-12.5795962910447,-11.7239194642313
"76","2015-06-02",-2.18707727850997,-1.68548398248944,-1.85476877278035,-5.81243129817643,-1100,6840,-3.38087114536378,4.0176695554468,2.75997044454623,4.19752790835943,4.41147837360418,-6.25865157156316,-22.3747470449783,-5.09597201363903
"77","2015-06-09",-1.33658492547717,1.43582586583193,-1.81210802942999,-19.527502682112,1347,34134,-8.32268401435474,18.837279532902,-4.65329185110743,20.0341601173669,14.4410339508656,-25.4427853408524,-5.48948176802107,-3.38299274345761
"78","2015-06-16",1.13425408531427,-0.0410551644167256,1.27834042163197,6.80170840032996,-368,-10221,4.17944878710568,-4.34319149491902,2.14369477894536,-23.5599133645186,-11.4260486648167,4.2147116309124,14.9573719318083,18.0913351114668
"79","2015-06-23",-0.903232590519742,-0.969447742026652,-0.304558844416469,-2.35610930375252,-1813,1497,-0.73544428574035,1.85709442106514,6.58637720431088,2.06739406724257,-11.015681497094,1.98194457642735,-6.02255088960675,-16.0840176456812
"80","2015-06-30",-5.04268232844005,6.39542492195648,-5.76656572568837,-26.9217686703502,1881,49697,-41.6730361060196,12.1917350724495,-4.43871252022152,20.8557096733839,35.1410179990234,-45.7134905717215,-17.2484017162455,13.9449805538028
"81","2015-07-07",4.10492749424289,6.57145082094885,3.74712819875995,-2.49572657489487,1249,18376,-6.67734150508075,7.88306194336599,1.34160102699212,30.1586237662518,11.9758629171251,-14.0422097031964,9.17200289072557,11.8657002532792
"82","2015-07-14",-0.275444141891512,-1.63630337799088,1.57678311386391,4.29288663609135,-5432,-8885,5.84929470708904,-0.17008000103349,-3.62550235756274,10.8128770594975,0.377438933365148,3.65549553878601,-0.976052814197104,4.21757361550554
"83","2015-07-21",-0.686161980807576,-1.57178524652561,-0.360913777647909,3.30455134563525,-960,-7682,3.06563274597238,-2.84688346743174,-0.249785398113822,10.8662944672147,-6.99539515109056,7.85787306732946,8.24283467478182,-4.83585978901306
"84","2015-07-28",-5.06919571372535,-7.64064493146641,-6.43936331823021,-5.51831330971986,3812,-10912,4.92323640334842,-7.08860307076336,-0.594934568410643,-32.0595892028471,-18.6089952678216,0.237757742445588,-3.76013798202131,-10.9511480997986
"85","2015-08-04",5.11581235058376,-0.39486544091627,5.09257505035539,13.2193149652268,258,-17046,22.992107807929,-1.11060258677949,0.578198011081277,2.46798271282955,-5.91265977369524,19.245808103064,7.28937917581582,3.05019086360758
"86","2015-08-11",-0.170238886214236,1.46916407970163,-0.511188301343779,1.11329980843902,979,1769,-5.06402961068364,-1.86309326577394,1.62243746282762,-0.993669303276512,3.00551368924928,0.898742531762586,-1.7186352664524,1.86875123820567
"87","2015-08-18",-0.701711670190086,0.206457037425345,-1.77104057816351,-5.20009069896297,3014,7154,-3.55606876053454,1.03652252579902,0.652947412229743,-1.24741742251757,2.81643950066588,-8.58233813426139,-6.11078471728295,0.994208686406672
"88","2015-08-25",-6.97400298007054,-3.14949564744076,-7.66732731766808,-2.41477145211402,1296,-3892,-20.3114289867139,-12.0415028700203,1.3156718155658,-3.63934722847787,-8.18214318025348,-2.85284933806587,-6.84272834623396,-1.41877524845366
"89","2015-09-01",-0.63044882686647,-5.18065779973043,1.28683497527966,9.97065727378388,-5109,-23703,14.9964080675582,-6.97220002104668,-0.309974686537018,2.51731582172852,-16.8656408374874,11.23733567951,0.566704141609087,8.54669371265224
"90","2015-09-08",-0.197554906105601,-3.0123522791488,-0.617702594207969,8.36692373853882,1105,-17870,8.07596520942742,-10.8551815695057,0.72178526296991,-2.48116253138537,-13.5546598050823,14.243890327163,1.49757952015612,-2.55442022569614
"91","2015-09-15",1.11386308504517,1.75446166774957,1.28577683208491,-0.326157927455029,-402,3988,-0.689832671374369,3.27191181685453,-0.897414307614852,-24.4700834777229,12.4947162352152,-1.32896739889876,-6.6297775350936,4.5750070625278
"92","2015-09-22",-0.745754058819514,-0.0451123727090774,-0.952693695275109,-2.20386236574726,514,3105,-2.77015708108799,0.540806599373767,-2.18631267734555,2.68747670394056,2.60123601083802,-2.60424320099801,2.348625582162,-1.82659597927977
"93","2015-09-29",-2.67399817820948,-1.18112591169037,-2.29926746514195,-7.96593081700472,-1109,8614,-7.17946790664907,3.9855464566525,-0.938669806613746,-1.67690310584696,-3.07363133868872,-11.7768501031934,1.286521180492,-0.900947781957662
"94","2015-10-06",1.99040158504804,4.08587214743221,0.909776221175917,-4.83870561559385,2926,14568,-4.82238716618859,6.58235187719853,0.683121646194706,-2.87456046399779,12.3563348403117,-8.87826726244274,0.0582190800365368,2.27512454684593
"95","2015-10-13",-2.99087925796204,-3.10427775047977,-2.58100078038179,0.409658374198507,-1252,-6864,-2.60629710746443,-5.45125297070772,-2.44617051693652,6.72981154085885,-4.79320445059734,1.97524259620625,-2.02246818348009,-2.96192632926431
"96","2015-10-20",3.36422818180306,-5.18501745859936,3.45529292288553,19.5855589121555,-40,-37583,27.8314015946846,-15.5383802593363,1.65975797674633,-1.9314619742163,-19.0606801691649,27.6412416484671,-3.58541517902324,5.59212719377911
"97","2015-10-27",2.22941972480672,5.58813684523027,2.89246267971208,-3.57202061110229,-1664,16391,-6.44206120639907,11.3174437989672,-1.72983174645758,47.215889298012,19.0493811900964,-8.31652285204232,6.20557561937911,0.33933872381855
"98","2015-11-03",0.890614782497323,1.69231524384603,-0.621540928333886,-7.05786973558915,4150,13583,-1.34167848125308,6.6496878115732,0.682544954662667,1.60868813762516,7.90227386811164,-11.0129623463676,-7.09598187312288,-0.695041176680355
"99","2015-11-10",-2.64284435741988,-5.38847854598092,-2.71796063083301,-3.76692786451578,-19,-5659,4.73468361635199,-1.62316932086028,-3.9024663164799,14.2109845128651,-5.85237024505414,-1.30651388441265,-9.44782536611797,-11.808183746337
"100","2015-11-17",2.78471000394021,-3.97526105201109,2.76388655756605,6.34284405415713,290,-16329,18.2284386421362,-1.07112627841577,-1.14821086832819,-5.41932055224112,-13.3929100386874,13.8846784565429,5.00279026773587,-8.56474930415203
"101","2015-11-24",-8.1147230628817,-0.130989093171152,-7.14511468777026,2.68458993852434,-3094,-4114,-26.7547733074213,-19.3461906374029,1.9656315469712,8.11566333106892,-2.85935502419008,4.4341616672364,-2.2723026600433,-3.21294298651953
"102","2015-12-01",5.83578411114143,1.29800851832176,6.2830884723736,17.980004348764,-866,-26329,17.0315932038875,-12.5902350276453,0.154160172862206,8.22564408588065,-9.83213883882641,22.047332275833,21.7514799921188,8.17044592372387
"103","2015-12-08",-4.10435461044294,-3.328477519063,-4.30858881595544,-2.63401112900432,339,-1654,-5.89745091960072,-7.53779829658381,-1.49534766867312,-17.6092336207507,6.13078493324171,-2.62381818732731,-23.1932899721759,0.576297629162781
"104","2015-12-15",-4.32837380146704,0.738697209064654,-4.33145082687627,-9.70316879975694,-202,17105,-17.3022004362949,5.50458917669321,-3.53516060819725,4.63750052954008,14.1689130828841,-12.9557534464803,-10.6341895736666,-3.07110145394702
"105","2015-12-22",3.25724061204724,-1.82285106678428,3.4498322860145,8.01298104630952,-332,-16226,16.2615414738077,-4.80720644017669,-0.0468756377555835,-13.1150087344119,-9.91094048876295,11.6769846068744,8.41967465686224,1.40136750146613
"106","2015-12-29",2.99474666456128,0.0540740386066219,4.53971569724025,7.09554994599912,-3944,-12214,9.55555294610964,-0.584871343019522,0.209750412908072,-0.71085392372936,-9.06123673185792,8.8911852955226,14.6324707591321,2.76012062209734
"107","2016-12-27",16.3394606578764,16.2411356496289,19.7093667863371,24.01183737179,-10652,-16815,16.5483601466594,10.1014296590796,-21.364045869689,-30.2099867462514,54.1525458633069,38.0186974849194,37.7377556043163,-30.8065243180833
"108","2016-12-20",-0.0468595354179868,0.494438006330356,-1.13619947656769,-0.179569432109972,3513,1467,-1.20491825533069,-3.46494376855819,2.22313020807494,8.43272354870575,0.418735467987119,-2.60158232361949,-2.2367588862183,13.0260792379101
"109","2016-12-13",-1.14255440071851,0.660415297899775,-1.16599712872958,-3.46093880554683,150,9180,-5.14718877243734,4.29663400391682,-4.3204595322079,-5.43184605576901,6.32972291979126,-2.73801410759713,-1.5011003807313,-7.27801452903734
"110","2016-12-06",0.370844126615744,-3.80297313031619,0.565697525721021,7.36877901854083,-644,-24901,9.30720496373816,-17.0137696055008,3.01997692936293,24.0256657821833,-13.155174040611,6.22743616431158,1.58453279489059,10.8239043840019
"111","2016-11-29",0.990200485968629,2.74233100199925,-0.158425335919432,0.0126462219579793,3601,5744,-2.61943384071834,-0.660027610536673,4.28429361049112,-14.4545930597353,-0.100584656748381,1.2752428859887,4.77541072118353,-4.54857705415534
"112","2016-11-22",9.69325908127434,-0.390076327046174,11.6314243203682,-1.38665628855268,-7217,2436,28.1733217889718,42.3144596921359,-5.42000634420141,0,0.31273771242617,-2.06043465387413,6.4148355784523,2.29279859479234
"113","2016-11-15",2.7211575153089,-3.06939114774991,2.99103701590937,3.38890145379729,-1289,-14492,11.2909982177033,2.23053394484172,2.87004616056272,-43.6304556491244,-11.4354492165877,4.78848339826268,-0.21835088503952,1.95062809446931
"114","2016-11-08",-0.94668614093294,2.90511368435933,-1.14560938897377,-3.47399019279777,838,14342,-6.50852099081796,3.18405379646016,-3.41802740968138,26.9841896192286,13.5841486792836,-5.38002364041112,-2.90205071670204,3.38458087619848
"115","2016-11-01",-4.49101408869641,-1.68174186020469,-3.89062522367514,-1.22921675479102,-1601,-684,-8.89930905934779,-8.8636898448879,-5.20810645477479,-1.42916287216632,-1.69327741087173,-1.08562393996881,3.45353982707817,-1.97602623983908
"116","2016-10-25",1.38139697707143,-1.18361116340999,0.937681119609834,4.7874557342686,1392,-13780,5.4188232489393,-6.98808530935491,-2.52622783082916,28.2370108069433,-2.34541153518553,5.55627663475438,2.32681810166593,-3.48862497060161
"117","2016-10-18",-4.12926470742434,1.62387832899018,-4.3994176163821,-8.06824242517088,1377,22154,-13.5811206601842,3.17410910403915,-3.87184810610606,8.69988153591308,7.48634962751833,-7.75871111682722,0.116110317834206,-13.6251772291557
"118","2016-10-11",-0.0121998456870998,-4.47993686085404,1.32449931474881,9.11826634244459,-4546,-30519,7.44969324508542,-15.8973440302761,-0.201154207536902,-6.43450895219519,-16.1248879159377,10.4705908008997,6.1784378397574,3.93271017910752
"119","2016-10-04",3.19233040130396,3.20401626662665,2.98171491746775,6.54153868939655,270,-10022,3.173937621062,-6.54133392383791,9.95787495157874,-10.0036924202987,0.417101751733817,7.57828118905177,-1.90147604049233,2.82681737381409
"120","2016-09-27",-2.25787467750393,0.19932390932329,-3.22144466403085,-6.6261336297794,3628,17169,-6.25257540286093,5.91168718713,-2.44043802860663,23.1835309996404,3.76987038075196,-8.0233262103599,-0.856652103107258,-3.61808182033894
"121","2016-09-20",-1.60283662927387,-0.381620852298425,-1.59233442592388,-1.94026941970726,135,3910,-3.68750967160576,-0.720777875779532,3.53324672357243,-5.07359982109943,0.150866845258868,-1.9776253293033,-6.54933436184049,-0.912978426954325
"122","2016-09-13",-0.931028442849069,-0.0290434540517026,-0.695658612521655,-0.993699160610184,-687,2312,-2.51601646739186,0.0425428158346008,1.14801314216884,4.34764381981907,-1.94251487549533,-1.62974879080515,0.892123065414552,1.86304251147131
"123","2016-09-06",-0.581259640498288,-1.26181873147537,-0.689675522278677,3.19773371292644,425,-10308,0.618271844298057,-10.9676214796146,-2.45175552302008,7.25082396746846,0.961155362020349,3.86931978425249,-2.59969561645672,-2.32267660605476
"124","2016-08-30",-2.86917951575703,-2.54225312619241,-3.24365681148873,-4.94925858397526,1511,6722,-3.44259531879114,1.44583601278185,-0.160763401320274,13.0926356770935,-5.79916814824184,-7.47040374706582,-1.5611832011345,6.06948051900229
"125","2016-08-23",-1.26686139008267,0.170337676507692,-0.103157211686522,-8.41704659880254,-3593,19180,-3.85039819129229,19.1617663126467,3.69249597864538,-17.8507184718484,0.675865721136581,-9.51616883598945,-6.0456709599098,0.373599438282923
"126","2016-08-16",-1.8693113852418,-1.79474917151108,-2.66407741171157,-1.13998206501122,2731,-1111,-2.00621500943381,-5.8174705361882,0.345785695474454,-15.9090950881959,-7.70903781818415,-2.00921904052507,2.85820488722823,6.6071683341729
"127","2016-08-09",1.98847981809003,-0.63119513247738,2.8254667657599,4.36444808751997,-2882,-10694,6.63155088286356,-0.514551704393362,0.39301577875257,-27.3450636889967,-2.27266665388512,6.48037995883222,-0.159773156154763,-1.10857124870449
"128","2016-08-02",5.41056500851287,2.13634842944188,4.59127744994703,5.3184674745637,2040,-7906,10.7702612944072,2.95482784428511,0.712433440065219,3.47877877070477,-1.58888932373618,5.02155740987131,8.84710721110018,7.16658452178418
"129","2016-07-26",-1.34039934223154,3.83033427740607,-1.71239628499329,-1.13786258313695,1379,10399,-10.0274603001681,-3.03314346020382,15.5839494997332,-0.397464325657637,-4.76358150053997,-0.940454010412495,-5.6565608287011,-2.29022928294462
"130","2016-07-19",1.2062723013738,0.173328728807398,1.00550242310362,-2.01765621457461,554,4973,3.04005603689266,7.68806827376274,0.696779046678664,77.1627741497427,-4.55353775766874,-8.93351682506616,4.46949950901168,14.3173674200408
"131","2016-07-12",-2.12117286616209,-1.10807422184109,-2.28159216382871,-3.0081703039496,715,4432,-3.91922688725774,-0.768426553722179,3.48876180732507,2.58743288232672,-4.44509682584275,-2.5791265142864,-6.06778501742031,-6.47570287315791
"132","2016-07-05",-2.77791655253807,-3.14967496751137,-4.22991080600887,-7.38856869595033,4806,9310,-2.11223454662797,1.97675243936715,0.40474647606672,-1.04766952256679,-2.52536337000286,-8.49008634995982,-11.1754601225321,-4.60588548579395
"133","2016-06-28",-7.19968542687308,-0.805329941720245,-6.54702638611102,-9.31402632457754,-1658,16560,-19.7138092036399,-1.55586065112967,-3.03008553845903,-0.884424389791505,2.80084815084152,-12.8330639613372,-0.312858279336048,1.86735500345119
"134","2016-06-21",3.30745615838257,-2.05644800452038,2.80174098974282,-10.4653782215363,1352,14474,13.9592418403778,22.3261146438066,-1.40423990742402,14.2764027939554,1.38232705910415,-14.0441630329557,-7.84918810515887,-6.32350347925765
"135","2016-06-14",0.41224722741422,1.13833032884205,0.274018617174043,-6.50383006277462,402,12748,-0.932989873601642,8.14831662064179,-1.74839284723376,-7.47586961070557,13.5286302670133,-6.0575753832758,-10.5954755790766,-7.65561890291941
"136","2016-06-07",-2.99240731210784,-2.18840746715667,-1.43135474125966,1.84139123031954,-4512,-7131,-4.51512002514765,-5.08974940663585,1.40136255839849,-10.3734499039408,-5.2852458178311,1.59948116022672,-6.16202345655239,6.86703639266604
"137","2016-05-31",-2.40053552728696,-4.86374247402388,-3.41246149746652,12.951808794293,3118,-31144,2.15614153329025,-26.448741290209,3.34167906364655,-13.3028637127131,-26.4273953195623,18.87853748879,4.8881548999077,-0.446864106541689
"138","2016-05-24",-0.768170603625684,-0.619121722022697,-0.661724459997615,-0.542362253049156,-267,-136,-1.03495600655084,-0.866897266461031,0.974228481352846,15.0210267848536,-3.93422748854526,-2.31571081883128,-0.777059194260943,1.67683601008921
"139","2016-05-17",-0.857748275662296,4.80341714651278,-0.645017572520779,-1.66968697056529,-560,11870,-11.8917499594632,1.09492389926178,-0.0445380200089218,-7.61096602514115,24.005019616234,-3.76317494009974,-9.02200928415411,7.57662253638731
"140","2016-05-10",4.08610618677709,0.317649871087511,3.68203323301799,2.50624941495801,956,-3914,11.632824355461,5.62073645538206,-0.0435449659281772,0.72498648176218,-1.57102929063182,3.58722225280577,4.43280247607838,-0.740783045034554
"141","2016-05-03",-0.575587416206247,0.914579766363666,-2.97515296225441,-7.95313024120858,6978,15693,-3.45843222371318,4.61292612190682,0.301387824722532,-83.8685683937861,8.36681624190536,-8.62023963796918,-10.220512016504,7.83721144884435
"142","2016-04-26",1.22256977399342,-1.00839779790132,1.31346083641652,2.10111254449128,-236,-5500,5.49274195599114,0.174871225622475,-1.61868544918828,6.67623000056423,5.01542604321301,1.36207108027531,-11.4838761041151,3.77484542652766
"143","2016-04-19",4.79015990749758,-0.473593848950493,7.43483456401091,10.5137346515614,-8055,-19974,13.8666165511539,2.76373440328914,4.96133291017031,-102.871484905073,-8.6883187747949,16.3418810937774,-1.92447024240412,0.180600722236157
"144","2016-04-12",0.983354062162434,-0.0111268004999943,1.02681293527063,10.1863688869177,-197,-20520,2.55948409439473,-15.3761617291202,-0.964683460929017,-14.9940147290915,-9.12729472322003,8.37386101868969,19.7105302779784,17.0302450515543
"145","2016-04-05",-4.85340063812991,4.16738859199288,-6.61122332870523,-13.6343716110114,5535,35009,-20.8357087160236,6.32670628541483,3.82785291406655,61.6052440646962,18.5120016663655,-18.9635321323538,-22.3342639197421,-1.36909387823589
"146","2016-03-29",-2.65920348432367,-4.51931566104111,-1.06931779366928,1.3055696918812,-4591,-11121,0.976519651320729,-5.16066012056768,-6.32201668974268,53.3596870714733,-1.89434707409113,0.670444187439578,-3.88328970617202,-0.832969284410545
"147","2016-03-22",0.773091915473678,-1.06703602982439,-0.46401249285104,4.57233839012581,3580,-10750,4.18165246867623,-10.1056458756686,-1.34353165983789,6.1384069821413,-9.04222056958854,4.81327827817672,16.8115017676355,3.77081506272461
"148","2016-03-15",-1.42830465057102,1.03353047051318,-1.83026064913943,-6.63229638502365,1175,14502,-6.02991886678019,7.39305968270667,1.41730890644212,-15.8941108149891,8.44419734762241,-6.86743168006601,-15.8957444522335,-5.14192568355458
"149","2016-03-08",4.26648432389634,0.935518958938708,4.62470617429087,13.6061645463739,-1094,-24949,10.4175235664179,-13.8050456601913,-3.13710573280623,24.7858936982249,-4.06983700911123,15.9045717951573,24.543947804753,6.09270014014918
"150","2016-03-01",2.66530326641288,1.15995872840706,2.4402729803322,6.81439923898068,646,-12596,5.26280260324494,-8.69073604203088,-0.75025857457014,-9.97287449365736,-4.14895928946137,7.92037594555968,14.8232469858788,5.16420618065752
"151","2016-02-23",-0.192303656519321,1.81591367287712,0.306499423208528,-3.91650264512773,-1528,12153,-3.68171652167142,11.0805638092987,-0.268191133757512,5.31132957949048,2.27052885226708,-4.62736168384943,6.08099871486747,-2.66148256364076
"152","2016-02-16",1.38791614539802,1.79658906927678,0.525470238862802,-6.84204516996854,2642,17841,0.65382326599277,16.0707282665244,2.5926338591205,4.75259472469993,5.87166599351594,-7.05195447172464,-6.27334838883229,-7.43263179753271
"153","2016-02-09",-3.40548994388747,-2.06908834152024,-3.48808270344261,-1.9910513110295,243,-96,-5.86603620862896,-6.36938469628134,2.26662166456588,4.36283914531437,-1.56556136746673,-2.96520006934298,-14.7349571408347,0.141623023246318
"154","2016-02-02",-9.84943029797076,-1.34878992788607,-9.81654128706797,-16.86267340413,-122,28099,-28.0604060414991,2.74529735892983,-1.88356184244931,2.76673717854479,9.09146657481088,-20.5338256873379,-21.9343184518202,-9.2743826280568
"155","2016-01-26",-3.41512632384777,-5.46392530908424,-3.83653479082859,-2.7239663380616,1092,-5735,1.43592470302032,-5.66220864637899,-5.18734634924378,-3.34340981203649,-10.7429102543179,-4.27620264146995,5.74382515359133,1.24770157546799
"156","2016-01-19",4.86635291031394,-0.356987059500469,4.19619897588994,10.544041068809,1892,-18742,15.8794598366995,-7.36003033931354,1.30076177500253,8.76975534806999,-8.89992478850719,12.3154807531131,10.9228236223176,6.31587825209259
"157","2016-01-12",1.68592783798598,4.15916115003032,1.30235896260675,3.16883743159213,1112,1886,-3.30656352208631,-2.52234671091713,3.45117544763678,-2.56924701237118,8.59445499473122,4.38826978519913,-1.82579786628736,0.674355617293543
"158","2016-01-05",3.76939411524564,-2.79205069598962,4.2248353991047,7.05816405717687,-1138,-18857,16.2637445259678,-2.02573531531467,0.804785994242785,8.12709990469482,-23.5058975250857,8.9686408038574,19.312045481267,1.59290023193588
"159","2017-12-26",24.6723845595413,29.6993222399438,25.8507829733583,26.3601449180182,-3462,3216,15.3192657800213,24.6647129552327,6.1855644702705,-31.3473744874273,59.7508515540255,47.9972290512238,39.2712806996361,-76.0980358718928
"160","2017-12-19",2.9268673582731,2.54024194164355,3.30056500402129,4.79472979799063,-1441,-6433,3.6955944622493,-0.298641000406796,0.150199736448364,-0.897428542072198,3.54571703285131,4.6112910978847,5.32520197295021,7.7317991635347
"161","2017-12-12",-0.228800104001614,0.596339335926288,-0.129722651404585,0.124248586212161,-376,1179,-1.88028781227008,-0.760087468139048,0.0821794807785992,7.62619848336303,-4.37784165964974,0.0898614593817015,8.53878870581646,-1.02893511117799
"162","2017-12-05",-6.93100443002983,0.124393694650848,-7.8656326092414,-12.2593906417041,3470,31910,-22.9638921472699,2.31475984196887,-0.895180383372463,-57.183072458579,8.35129746341803,-13.770596483455,-10.1785457593531,7.80068138965468
"163","2017-11-28",3.6899997483907,-0.0617863307626365,4.36924404638646,3.4808980958779,-2456,-8738,12.6738637366806,6.25715778302798,-1.51490093505355,44.9886947133655,0.106699682554989,1.90822975419955,2.20612132533091,10.0356391094717
"164","2017-11-21",1.37201884992812,-1.7648097189948,0.983901151375122,-6.78221766343086,1440,11974,8.08221369990534,15.5334267237095,-1.57497548021954,-50.3247069676869,0.51057965851431,-6.50013496004522,-5.78674536335697,-3.48063772216669
"165","2017-11-14",0.550165957750259,-0.66029779434249,0.541394149397156,-0.647259762888908,35,-141,2.97110481484193,2.50326581185742,1.09338245105679,32.9708423113635,-2.39011570863248,-1.1479167877539,-0.950952312935627,-0.952755114176007
"166","2017-11-07",2.4718715252142,-3.70233503524826,2.54289914862618,4.80117020581527,-264,-20521,13.5899867284911,-1.23850156430336,-4.23458966434165,32.2503326365331,-7.21764177045454,4.91269523737792,2.75118569996451,-0.377299060042624
"167","2017-10-31",-5.36057333759263,-1.59258860223179,-4.28545483918441,-2.3897994347875,-3960,1970,-11.9148769198276,-7.64409362163327,-8.50522771015374,31.1641186984867,5.20679571750815,-4.68016536306699,-0.745723443205293,6.59925437292035
"168","2017-10-24",-6.8817163676874,-0.827848451711866,-9.29812980505975,-14.6479475694703,8493,30550,-19.0218774452477,-0.245089740735338,-0.844502049809037,-16.0168102168859,3.39968982105177,-12.5929678270321,-7.88837148138448,-29.1293440577835
"169","2017-10-17",-4.51313372769722,-1.63669071537633,-4.52833659202252,-1.66354425403448,-157,-411,-11.1402987731763,-9.21366134302222,-1.59505689100072,25.3172376955169,0.464028032746633,-3.34917958247285,-5.54889140002945,2.90912160948906
"170","2017-10-10",-0.0983831228184684,1.11208926363471,-0.662277811929357,-3.33897882516485,1804,9236,-3.08534263399824,3.72608656670383,0.518200929045953,3.89683790616058,4.83400119179027,-3.15233060077826,-5.18678297888613,-7.35228626769331
"171","2017-10-03",-1.0393739019392,0.715729184487479,-1.49834415839312,-3.43689994720702,1384,8298,-5.60390277862055,1.49490398039607,3.95105404366376,-12.6312391617633,-1.10683569470016,-7.71688668214576,-1.66485532367435,26.9803197332564
"172","2017-09-26",-2.23554036851628,1.11266618187944,-1.55014587547662,3.3215119807025,-2289,-3764,-11.8206941375824,-9.36876861746647,-0.412326497102455,-24.8800284907574,-2.96947743242093,3.43679071293312,11.8667477428133,8.84528038397008
"173","2017-09-19",0.806603591816568,2.04722513083304,2.09934996236605,4.85205878940143,-4025,-4814,-3.08178334938933,-2.79175255188342,0.558862692605722,-6.24691007771858,-3.2526603922495,7.17895285335164,13.2816728719169,-5.89708293791187
"174","2017-09-12",-0.492782566416317,-2.27416543012016,-0.215523454439115,-1.53943126570013,-882,-2318,5.02976883611073,2.1835336117686,-0.245076709099301,22.235391431817,-6.8878824757352,-1.12262608773381,1.41759127291934,-9.17152088864661
"175","2017-09-05",0.556251690190912,-0.31706185197713,0.28273995246586,1.42353777733639,871,-3652,3.12228834519175,-1.7791412399685,0.873615659959981,3.90991751768563,0.409237636328363,1.86023262936743,-3.18892383719209,-2.04712718417603
"176","2017-08-29",0.429711852052606,-0.898790822127715,0.750818691145483,-5.8695227534896,-1018,9584,4.17053473335596,11.8738076750521,1.06823505782714,-25.7327052133624,-3.49079727263923,-7.20845775323191,-0.281495694747491,6.85451036023377
"177","2017-08-22",6.35651777025625,2.06371376882011,6.46467320887627,-1.16516667343269,-345,7129,17.2746304946747,17.1689639083011,4.3744298137673,23.9369054396345,-1.5194604205357,-7.79907121793197,3.31518359172716,26.142674716505
"178","2017-08-15",-7.12162619827605,-1.69914622462812,-8.1772206480343,-16.3398748176535,3331,24807,-21.2085104869574,1.38649249401315,0.840758456122437,-39.7614449642417,4.55648758842582,-21.5269759384167,-15.4310456360834,5.64209568983109
"179","2017-08-08",-4.47923357012439,-0.333851737681989,-4.39843817008398,-7.50933031198713,-389,10969,-17.4111471519939,-1.16653659706252,-1.89005348393376,-3.50286788691285,6.48849832900478,-12.8501260890244,-9.43136463856948,7.09499501090711
"180","2017-08-01",-2.85411297982243,-0.528172877222488,-3.39016664464431,-11.354130304222,1478,14941,-11.1927075138984,4.03207336088052,-7.83337677735538,8.35995688352931,7.10084665044537,-20.6232600673465,-1.46016042853478,7.10552031371048
"181","2017-07-25",-0.815555494033759,1.01325337718574,-0.44930247472017,-5.05373579730026,-1093,9005,-8.05212833118141,3.36045242254013,2.57844032421648,43.8470500439683,4.15281812111861,-14.4594737852033,-9.2132643154768,4.96677232119804
"182","2017-07-18",2.9176745376164,3.55679398656559,4.694847926927,0.798194487435921,-5239,7505,0.226512594544381,7.68156197221899,-1.27314429444585,-10.8613965006926,10.4871556982765,4.21655204188998,-3.79425866596854,-3.05772731781957
"183","2017-07-11",4.22810395825977,4.64987882804291,2.78628292168612,-0.734103945631048,4443,12562,2.40186218659293,5.31562694623187,6.50937284032143,-29.8401583264871,6.90317612891658,-0.875447051743983,-6.39655913204908,3.16314788028773
"184","2017-07-03",-2.8685350117291,-3.46242824802161,-5.98715164242893,12.0002186031879,9225,-25021,-0.308689857718214,-20.7637270005268,-1.9088173670049,-9.50471097755905,-6.20646264817637,22.577664604154,1.06736239846956,-5.8010044739186
"185","2017-06-27",-6.54330516048081,-2.43976502465255,-2.76826755470552,8.85128744409798,-11321,-19309,-26.1123214926281,-15.4592075606077,6.60319016120461,23.5486383140785,-11.6699614307894,15.0788279123759,0.391874276879811,-8.18787737631084
"186","2017-06-20",6.57998966758377,-1.89949891971928,6.22916815968289,10.548292504253,1098,-22075,42.8415091926519,0.630961205714442,-10.4852643910412,-11.5060750769915,3.85356977895519,12.4563853431759,3.83157688683653,7.98486404229166
"187","2017-06-13",-1.29833642301875,-3.87914469290198,0.258044299965299,19.3858825792988,-4724,-46479,7.09583043187667,-33.5872208311722,3.50419457415327,1.07939424981733,-12.3726605469859,33.1327503035272,0.0594147663168343,-32.6584078548482
"188","2017-06-06",5.25048101005936,-1.27156995326825,6.88291482628838,8.61093640991903,-5455,-22000,23.0189215241921,2.7668243875091,-4.46702807285302,2.35350368911948,-1.22333616192005,11.8540496683359,5.68820140485844,-10.475226772707
"189","2017-05-30",-0.390155468760689,0.950670985479185,-1.22317292099972,2.00478210992578,2730,-2548,-3.7051212039211,-9.61189124670039,3.65550864892263,2.57848104564538,-2.94052840322649,2.47240071264319,3.3633421306595,-1.42303286301786
"190","2017-05-23",-3.43435334068509,1.0137585695551,-2.12991815336796,-1.3507592292358,-3890,5484,-15.6632604303187,-4.30834396109603,-1.0334978969496,2.8212166010654,-0.531059153611935,-0.504560370955787,8.12280052576622,-8.57513904592935
"191","2017-05-16",3.38472578341271,1.05239907974291,2.89788444744286,4.48921838621494,1248,-8289,10.0503441552602,-1.76059805679198,4.78545025722124,14.1268723172546,-3.79269573126439,2.38083195305574,2.48059734947574,17.7655883148498
"192","2017-05-09",-2.79936525765798,-1.92296847196189,-3.65786055660653,-8.02961187346121,2936,14419,-5.23417173901652,8.49370077072233,0.455393898415046,-14.0546440728722,-2.01132279976211,-7.62792379490715,-6.61691723076459,-9.53687200068245
"193","2017-05-02",4.99032727732889,0.188696314393688,5.30056533477428,7.13765839021541,-1310,-16233,17.4263844261139,0.436778521956427,0.175626935571493,30.782972410214,-3.91596332024697,6.81802202442281,7.2816138782029,3.99057191154082
"194","2017-04-25",11.4209102120236,0.760839451417183,11.8093231583595,14.4985770092534,-2278,-35999,32.9635895915239,4.05312506350377,2.89555789099918,-2.8531069958202,-6.75113943261021,14.6689843422161,8.02508801529545,17.3805970237382
"195","2017-04-18",2.07059512819221,2.85757679535443,1.6618545014591,-7.42474643665272,1355,26655,0.700049653499413,25.0904888536235,1.94870975408072,-39.4940482017686,0.177700025542826,-8.82116312691643,8.12192264461764,6.8364761019053
"196","2017-04-11",-2.7761748256502,0.519523410953759,-3.6365683628361,-4.7396666419127,3363,13246,-8.85576805265789,-1.25630434597817,-1.71770298003846,-22.2890290580931,2.65538771245133,-2.62419438566432,1.60259840158439,-15.7321653684303
"197","2017-04-04",-3.31142707756129,-1.38103629249198,-2.41719305606267,0.142881961044417,-3020,-3607,-7.15284083846832,-8.07310185544594,-1.7092718585511,16.2544252043704,-5.33965304335986,0.162630405298358,4.11047404586817,-2.19662749536749
"198","2017-03-28",-0.989865579345839,-0.500556026907972,-1.36717534146094,0.928984444129277,1400,-3482,-1.99966865612264,-6.86274915922436,-2.61062192622994,21.527800231412,2.40032500639931,-0.424336461473374,-0.661197119292112,6.55004348754531
"199","2017-03-21",-1.19539962695097,1.57756114161369,-1.12719240672998,-4.68888606801929,-164,15164,-7.21967211445698,7.22237509134906,-1.55836979787587,29.4858619615985,5.02563636094671,-5.47620022785757,2.11950090586477,-6.79568032727929
"200","2017-03-14",-4.18221921463235,-1.80380363576997,-4.26502428896995,-9.03898339512832,532,16410,-9.80206528348031,5.53752888456192,-0.371975489668053,6.30997766383032,-1.40738068074775,-11.3540754058448,-4.53065091759708,1.09744443624358
"201","2017-03-07",-3.26374806484999,3.95881510711291,-4.63641562232038,-12.4563424281375,4570,34927,-23.6239811002266,8.78513749390262,1.03324439811185,-7.84666632180695,11.5213905138118,-16.9924949769062,-1.91296368591356,9.14823709287003
"202","2017-02-28",-6.20746878773968,-1.39875827521081,-5.19192767568821,-4.19044913296069,-2974,4548,-23.6005237064226,-6.75833674899131,-2.32256741915791,-4.60576803336057,0.885711142495538,-4.70973234721193,-3.3730361559817,-1.84540802823481
"203","2017-02-21",8.23012433684625,6.3177959388268,7.47372480059934,-10.4167067156862,2110,33809,15.6150295113267,30.5478711924669,0.415249210738367,14.0412978232002,8.77676205134428,-14.9561343780965,11.7196592671155,1.79574036232442
"204","2017-02-14",2.79394139021036,-0.885341543647122,2.76474430158569,5.50186807891766,40,-11650,15.2979442293514,-0.197379722588487,1.64291490253134,-49.5695068656161,1.72691009071304,10.9588790434264,-8.97303715372058,-4.9604370878189
"205","2017-02-07",-0.0180867804214557,-3.95508756993088,0.945918342536167,12.8454890480818,-3232,-33857,11.4105361904768,-14.2185482800455,1.00457131685996,-1.24274210103721,-12.1126163289992,20.422250212356,0.817322106773055,-24.7561733609594
"206","2017-01-31",2.48584828449214,-2.50634438325914,2.47762930117066,6.08543713860037,-103,-18530,14.7932782240618,-3.03346625111143,-4.08787686120426,23.8976263596909,-7.71920529551124,5.77859577275799,7.10490070747376,4.24727436275703
"207","2017-01-24",-1.36255927400999,1.64282168997332,-1.59263247093815,-3.18209644312457,855,10561,-8.51441645743449,0.897444801999825,1.231911342059,4.16344184002053,6.72500044032649,-2.7038437499602,-4.60254201189851,-8.39964764544767
"208","2017-01-17",2.92214802332005,2.5416772718355,3.27766317376401,2.72123678845215,-1379,493,3.86858184988981,4.12580244360718,-0.759536758798518,15.8297136705347,5.0706985354525,0.453849501829851,3.91018931507521,14.263876106185
"209","2017-01-10",-5.69751808188013,-4.33897716187754,-5.87977957005386,-1.5043536624443,928,-7283,-9.13594786301619,-12.8894685858928,-7.52517296292083,15.9147498831672,-0.426090632641873,-0.2475065278702,-5.47187107989231,-15.6387093956003
"210","2017-01-03",-2.5365826774971,-7.26962895621792,-0.241241512569346,8.88890716817663,-7374,-35877,8.78258526884377,-17.9325374154187,-7.48165651253547,-13.4623453451631,-0.893469843053474,9.69170257896614,-17.4805757133285,10.6341119721977
"211","2018-12-31",-7.57743090446379,-2.98885344556545,-13.5284104907916,-38.7890116297667,18592,66767,-18.5230297179549,26.6902372375796,8.62843685970116,29.7437035016557,-1.73379515225793,-47.6249415825675,-27.862155744595,-11.3852108506601
"212","2018-12-24",-4.09337678796096,0.296040327293134,-5.80962875783975,-9.98147211460463,4461,15307,-16.3926429489004,-1.20877995436341,0.613059473031186,-0.838227875280495,3.81686928246925,-10.1791932398582,-9.23253640861468,-13.3704930493613
"213","2018-12-18",-0.709079505166876,1.5873423047692,-0.378612025866509,-2.7633618707215,-971,7221,-8.0515891452281,2.07833450799502,-2.44233280076269,-0.901922686684919,5.74457614168224,-5.68677266670132,0.369084538193576,10.3126970343578
"214","2018-12-11",0.109170898842947,-2.80244243844177,-0.884207868313425,2.35344299372624,2695,-9223,9.30349718784562,-4.24937175454509,3.60987777881103,-66.0649659248042,-9.96990264200388,7.17499225071005,0.133348813823098,3.20846778837058
"215","2018-12-04",2.16884315324819,-0.239183940827381,3.34926115799536,2.85011540434432,-2989,-4529,9.00405536150384,3.88271961478832,1.41491698342033,-1.62096015534292,-2.43134029336129,3.49161758742085,0.96867018565252,0.874422626892191
"216","2018-11-27",3.60108512878412,0.71867845363407,3.95543141634853,6.85479558506934,-675,-8651,11.0208975672856,0.777627288692528,7.93805175476674,8.17981832801014,-4.0874709487511,5.79418243219241,-7.40263185129724,11.4271402370072
"217","2018-11-20",2.8528104582346,4.61166568564071,3.77928239954031,-1.93590516943196,-2515,12927,-1.58331252617643,9.86648561036656,4.72288376953394,14.3978851872816,-3.16872922575619,-2.79327330662316,21.6845957793698,-1.96436221503653
"218","2018-11-13",-3.26530001229894,-2.77063301747873,-4.10617060685077,-9.60692516461741,2232,7732,-4.56385389675518,1.12841883689931,-4.90094154639298,-26.6715099547367,0.11203918766558,-9.92286282089339,-3.2019919138941,-4.35915563081988
"219","2018-11-06",6.01804471420522,0.569622818409066,7.02846180082588,11.3066380081497,-2580,-15135,19.1607674260231,3.00657768020631,1.03609816118944,2.95456543189641,1.64837183099138,13.8575635777627,-2.86824304159197,1.6836664050718
"220","2018-10-30",1.40791057463847,0.675533762271741,1.04782037624638,0.936263373549373,1212,29,3.00007005516427,1.15701666204497,0.857816673620704,-17.2378664728861,-2.12003512626335,1.5291079116718,5.94828827337537,1.5528620451315
"221","2018-10-23",-3.85463756218059,0.31710541147465,-3.20241904049041,-9.80072463560688,-2239,15119,-13.4551929430952,2.85374562571032,0.417608741193654,13.6623015681126,3.08563121897034,-13.9595187317157,-5.63428313378154,3.93028580745707
"222","2018-10-16",-0.0943098701759126,0.0936122284826979,-0.257340800850159,-5.2850559915953,488,7417,-0.559269776606719,3.88034039963738,-2.81447053594661,-5.23491470353203,4.63673485574745,-5.18354403847567,-2.42665632563703,-5.6964295621345
"223","2018-10-09",0.550616980652308,0.00593343146473302,0.182654496366119,0.197718409741476,1145,-250,1.89000384765468,0.17081139546189,2.55543567339735,5.97192347016229,-1.87928164674283,-1.47685230798018,-2.44827660643328,5.52025686737299
"224","2018-10-02",1.16964536359099,1.9864911114972,1.39524473695314,-1.32683589975322,-614,6151,-0.848550840438378,3.48475402865454,2.54489985387583,-20.0928377612646,4.87748336563438,-0.591311264508043,-6.72142228893247,-0.80774989668253
"225","2018-09-25",-3.38524784835563,1.33379458707559,-4.67060157282742,-5.36698526904758,3589,9867,-16.293124418878,-4.15192087700049,2.55944816310461,9.65335790747783,2.86347890468068,-8.78340523653023,-6.70484976813945,4.08886515587081
"226","2018-09-18",-0.21261383838862,1.01775678155072,0.167926725128531,-4.3887244263825,-1134,7664,-3.98321753960591,3.41234705216635,6.13898387155007,0.981864878446537,-6.38847001781091,-6.00661094608377,4.1002939267436,-0.160099651736978
"227","2018-09-11",0.264870120253491,3.51754065979257,0.145513061360525,-5.8125774746161,373,14922,-10.7044996009218,4.02974099518367,0.0450848504508272,1.85190477672368,8.93906450040927,-14.7472637186606,0.584345487020599,16.4660128462035
"228","2018-09-04",-0.649849445146167,2.44404560070031,-0.736895808383409,-8.14012584454851,197,14655,-12.7347159094944,3.5961159733219,-4.00890482538561,15.1406539227951,11.6397939213813,-18.9627198287548,-3.85290278943913,9.50300992930782
"229","2018-08-28",3.42192193234592,1.19265854163686,4.18163473642554,-4.48758785946328,-1988,7463,12.310431539005,8.66231207809172,-0.951324074424598,2.1803575781183,4.81091586542455,-5.44330519668303,-3.91592209894327,-3.93492469399934
"230","2018-08-21",6.51019831724469,6.35162849975099,7.29470983795242,8.79627191091874,-2085,7005,7.10619110624808,6.56000721292624,-1.8346682611007,14.0760155580358,14.0880213533631,11.2380339487423,4.65051848467688,3.65991970809851
"231","2018-08-14",0.864411272131349,1.64725912222945,0.0528991335960072,-1.96891653713109,2708,6460,-2.122559331114,1.03835725101487,1.8308788392714,-8.9326593983543,3.75477231843959,-2.02351880118101,-7.74195989797715,-0.663114081286231
"232","2018-08-07",2.35951772075307,-0.363091527250248,1.25461487890064,-0.445796843244217,3862,-493,12.2928038165144,2.06087603358149,-3.03649629219525,-0.601405086975682,-0.392416847367905,2.84497566874204,8.71207396995786,-6.54093573339694
"233","2018-07-31",-5.21528764562404,-5.0565262893171,-7.05997489040193,-3.57402847620403,5164,-9372,-5.76112738561978,-8.73499075766819,0.415160764316092,-35.4427375864454,-10.5273655326629,-2.11990636492132,-1.46028817508554,-1.62910871113713
"234","2018-07-24",-3.91795223961129,-6.55450674756786,-3.85670330966654,9.89929792948114,-821,-26608,4.67954447200185,-11.4055849467654,3.74989659505154,-5.02002813950018,-17.1654423078282,15.0376299166968,-4.50352122548896,1.03246416990181
"235","2018-07-17",2.56613281439471,2.91671437523764,2.72879464184985,7.16302294119622,-85,-1366,1.47726572405134,-0.0764702250833693,6.98823804898492,-5.20601960105083,-10.7742569735931,12.8523542784022,26.7483708140192,-5.26606315550584
"236","2018-07-10",-0.887578865442151,0.697806368899734,-1.92061052521471,2.37364943452043,2970,-1201,-6.01600457337454,-4.84090958037324,2.46500011935211,0.527705710084447,-1.57295902775125,2.79567828260454,0.579610386737706,1.4549223105341
"237","2018-07-03",0.0549981550198808,1.55700817263913,0.124168885616349,0.640106534701701,-197,3048,-5.14069014180798,-0.241172110156995,0.436249294042312,-4.38419007274877,0.795246409508898,2.6752291743545,6.35057407872957,-4.48806444682575
"238","2018-06-26",5.01955449149936,5.9353915584845,5.56071753759895,11.1847663157015,-758,466,1.67287363220527,1.35901468253667,11.6566060114559,8.30626138807684,1.99537004778509,12.8312123247175,-2.68925760314893,6.57851962431941
"239","2018-06-19",1.60567811064745,-0.66671981805051,1.89255447493242,0.323143728940778,-638,-2205,9.65989217377317,3.10700728509623,-3.59660846829417,3.06489668072043,4.59591156108559,-7.60514582532448,-3.18168733012048,21.2699989649929
"240","2018-06-12",3.78931121533981,0.767064595951972,4.38691006052654,-6.31583744399666,-1350,10575,13.3414215313447,11.8472454380033,-10.2570585385678,29.3493374935677,9.52377396579642,-6.81447642690838,11.8333811713752,-9.48597425788442
"241","2018-06-05",-0.723417808439741,-0.503874976177876,0.105142670506275,1.37878942718377,-2901,-3150,-1.37809928990436,-0.713908122140872,-1.20948104280387,15.9807113118804,0.811917650877803,-0.610023678213878,-1.74632298392883,3.73613504596566
"242","2018-05-29",3.75638243544785,3.7402153967113,3.39795008045414,2.4007182320366,1747,6786,3.80478853532633,4.04069755160403,1.24243625869855,-7.15918255607928,3.50761223583618,5.19163406498802,10.3574848968327,-2.67565700189145
"243","2018-05-22",-5.94283530779354,-1.91927287896565,-5.24399824159421,-0.555501801878044,-3152,-4433,-19.0547977139651,-8.36063680989323,2.87350551362646,-28.3613741262929,-11.0234125947278,5.98241970792657,5.37566120482165,-14.2967661247187
"244","2018-05-15",-2.20224990691591,1.77700187274841,-2.2850190098076,5.81146518907012,19,-3310,-17.7761904133432,-8.29054766140391,4.08270497358476,-37.2854712196103,1.32565067845558,5.07596603244647,-2.7924144461501,12.628695376619
"245","2018-05-08",-0.700875970366965,-0.25976283246063,-1.05788929985025,-5.72812724151408,1067,7290,-2.62908901226329,2.50902159780626,-0.363015040781178,9.27817334509662,3.3664372355112,-6.46626873184015,-7.39125819975825,-5.02403334970243
"246","2018-05-01",3.8852149940201,-0.577416739955083,3.73864451079164,12.8990101115203,985,-20241,21.5373819257335,-3.55157368642285,-1.48021217177181,-70.7079523901418,-10.0512516527116,21.5202030956847,19.1387055714275,-8.70476273553731
"247","2018-04-24",-4.16646517941466,-5.90091553236345,-3.74831036833996,6.45182714590344,-1890,-25771,1.75186392469158,-13.4849465739915,-1.30443302280234,-30.7986318074713,-19.2360334864734,7.93841554617103,3.68702981192275,2.38260019502174
"248","2018-04-17",1.40374779121881,2.41978249197867,1.20505417710692,-3.1209151837901,810,11298,-2.00803684347157,5.5730520676132,3.27133509137241,-3.63977315747857,0.0779016761848439,-3.52403001724291,3.64056142883964,-1.52249960160109
"249","2018-04-10",-1.13630126381565,-1.75082349120483,-1.15330595908354,-0.166855934182308,-86,-4264,0.945231168379301,-2.11631262690748,-3.591536012879,41.9685339367263,-1.61930159029993,2.75509445876629,1.70058954714385,-14.572993263865
"250","2018-04-03",0.262542858952131,-2.93652363667025,1.47749822373164,7.36953317155642,-3900,-19604,10.2668773162547,-4.69182440396168,-0.295190788379962,-72.8080310067951,-9.6902346574419,8.62706252409193,-0.296405699709368,5.05552909207339
"251","2018-03-27",1.15878634507336,3.16902255846276,0.522519075737726,1.75567342522793,2188,4982,-4.97207147024739,-0.867052748193409,4.07396859150122,71.1329499643136,-3.82457806566006,1.26428386460091,8.61485485847648,1.1387112227883
"252","2018-03-20",-4.62805345582478,-0.478828022404976,-3.92609157032648,-10.9376732642687,-2683,16852,-19.0835415233492,3.52068242001131,2.79166293785789,74.6057972399204,3.29557430553624,-14.6439563043138,-10.7458038943287,-1.98254065989065
"253","2018-03-13",2.96154213542899,5.16920876183526,3.10771974989859,-2.0264680646175,-235,16711,-5.96725250996961,7.93403821209182,2.54705042946579,-7.28147756231845,16.7523693496786,-6.91699914132329,-3.31964095332076,16.8553782247024
"254","2018-03-06",-0.720991493237833,0.164292863885862,-0.515987934814532,0.923395176554642,-717,-979,-4.598716782289,-1.82109567668984,-5.88608843178555,2.0185475692891,7.70476007946339,2.8428684104993,2.58755519688574,-5.85535988942656
"255","2018-02-27",-3.14420172086294,-7.26211380497297,-3.71543068725302,14.4693965138794,1566,-42989,13.4901887338367,-23.9669634830623,-11.6126430426387,30.3528273282083,-3.19393616659838,19.421806945995,-4.52258618931651,-8.20343434643185
"256","2018-02-20",5.52697058259266,1.76353302505419,5.66740157602492,5.66916003247098,25,-5964,18.1585322405679,5.66502748993845,-1.85000704190834,-52.7164487448921,2.81862247934956,5.92770599259751,6.84018702410878,11.3402256687296
"257","2018-02-13",-2.06390126637697,-0.626409747415302,-1.6907106627146,-5.4222546024846,-1382,8392,-6.64721010280669,3.13611002867891,-0.533855434576935,15.6711886500407,0.822217162964378,-6.42516746201025,-2.82745974194256,-2.91358718138195
"258","2018-02-06",4.9403854662657,1.83547974367855,7.24064700598177,17.5152679312987,-7552,-29609,14.5134772750843,-7.1595219815487,2.07652489764243,2.32015166526001,5.63827636791299,19.9269618405337,-4.33457141380149,7.81661506744804
"259","2018-01-30",2.5757929148666,1.51097504543607,1.75855925047337,3.16641118799996,2899,-2934,5.59583489621431,-0.516088858059049,1.21289536942513,7.20265871766834,-3.60105105032176,5.63960517783872,9.62723929371023,-10.4783220895175
"260","2018-01-23",6.89119899491271,-3.55468549555447,7.70731856268441,17.9877756150972,-2928,-52604,31.2359707014661,-11.9174624150144,-1.21654897142047,28.7818862001274,-4.23040609393865,21.7827658239957,-6.79927196951748,-9.10972487203203
"261","2018-01-16",0.713234284263464,1.09582500321164,0.91573516557979,0.322760962420077,-784,1938,-0.0418442470266456,2.21935577297838,-1.70240397194537,5.0800764415353,4.262176620235,0.524557510176216,1.60613134340792,-2.118061194383
"262","2018-01-09",-4.47364878412042,-1.90524752925789,-5.04103211061455,-6.19254800322295,2140,11062,-9.77569209748292,-2.57832576400503,-2.99810745859705,-11.323508594341,3.96696052284504,-4.59677019239777,-9.05400117097024,-19.1402529545096
"263","2018-01-02",-0.798255066203524,-1.80234985520276,-0.802615528779249,-0.846369861042184,8,-2391,1.32444395723361,-0.710775989769985,0.315436567312766,-1.16420864636115,-1.25079804556663,-0.888380962728164,-6.90914092386592,-0.391723229339647
"264","2019-12-31",-38.321745721821,-21.9244705916394,-44.8276073539972,-90.7039606341257,15325,98530,-84.6598079145666,12.3700750496011,-28.2598719446034,88.4869834658504,12.7164074015308,-106.267624585518,-114.596618897505,-58.5349364495787
"265","2019-12-24",-2.75857101149413,-1.73607607363824,-2.15398355662995,2.66095920422096,-1817,-6097,-6.84662507996521,-5.91494766150067,3.5018411223545,-14.5840571381793,-4.84854125942853,4.21372633284918,-8.67333381624977,6.81754188281367
"266","2019-12-17",0.34119599929987,1.83441912732398,-0.752758071941528,-2.49143108365022,2536,6123,-6.02837827832499,0.64273649487312,-5.23090986628691,8.54097292384779,2.07652767544335,-4.59016991990122,32.3221926426447,1.24446050480849
"267","2019-12-10",-6.40817302310079,-5.4145916145222,-5.11568619738849,-1.52704018624839,-3816,-8944,-10.9402343940113,-8.04519577878313,5.09879652319771,-13.3171615682343,-13.0436092482103,1.19467848200863,-11.6817644839504,-8.3227987308824
"268","2019-12-03",-3.22285793031174,-2.62560097976063,-3.15100652050937,-6.75030545910378,-569,1544,-6.07228823707491,-0.213080466915372,-7.24709287019056,17.5751413324441,1.06368918078523,-11.1274266090252,-0.533334597536239,-0.964699744711517
"269","2019-11-26",-2.71859798064984,-4.01434744324884,-4.14606798236363,-3.17350010147219,2531,-4334,3.34285701816572,-4.92112773899436,2.54168383911466,-16.0048021395992,-11.8291627129631,0.279745043403601,3.96907207995572,-12.0773154964782
"270","2019-11-19",7.25645024214909,-3.67067876745875,6.75644179582395,11.8549473219883,2214,-17537,45.5652521328085,2.4604242229028,-4.75463749403247,7.43102989121258,-4.32044388974706,12.6114232435844,3.1743781688272,10.7816370519771
"271","2019-11-12",-2.40467704335927,-1.64156514883942,-1.26727092878109,-1.38815032797641,-2799,-1379,-4.53863738657336,-1.16064379498564,-3.40639567560697,8.28554741959522,-0.575061514492603,-3.77447909237016,0.819676720417917,4.89061281010397
"272","2019-11-05",-5.35197721588414,-2.90155810585446,-4.75909309473437,-6.79588068817552,-1950,1722,-12.6502499809012,-2.99824219970155,-0.227179381186282,-14.4821274172557,-6.98161420111134,-5.5297520727585,2.27673171272098,-7.97809030904606
"273","2019-10-29",-1.79544646062926,-1.06125167508946,-2.08501024477599,-4.84890340627047,346,2659,-4.1272633469525,0.201053071356228,-6.99970112793658,-4.59154795466823,2.2133515600526,-6.02019776314471,7.43964313264378,1.42394103786501
"274","2019-10-22",2.11676038683191,2.64263667992406,2.45028932481137,3.37775902082065,-394,1271,0.401639225754558,1.69598085185747,-4.94024162657603,5.59808820107452,10.5275297453769,1.32863554480487,-2.00440830560726,12.1689446332178
"275","2019-10-15",-1.81812068645186,-2.81748700891509,-1.95449545845676,11.9124650006214,43,-16079,1.40897853286024,-14.9647798881922,8.56123820185033,-23.3693358642558,-9.16917327155762,20.9249876141774,-16.6566493839717,-17.1810474140667
"276","2019-10-08",-0.301497251459004,-0.415871328709372,-0.550639031706268,5.21010567542373,453,-6144,0.0592662851460091,-7.12530234703017,-4.74063024847258,-28.920858466847,0.533283284811858,10.2385941895024,11.2263400587217,-14.5856735615082
"277","2019-10-01",-1.26772353144879,3.43610704732651,-1.83887419002584,-1.21445209576638,942,6873,-17.7026912331163,-2.60216555207453,-3.1608602126358,-6.80433378418979,-5.84534325566448,-1.93633662074646,45.7183536628651,7.74755619684804
"278","2019-09-24",-1.08729932821063,2.55821708954702,-0.80414764539789,2.12006994194152,-694,1988,-16.674766517249,-4.52511409563368,2.53084363083058,45.9025933588933,3.37087288506766,-0.417152654630293,0.847633732971431,-3.3560503414046
"279","2019-09-17",4.08688044252408,2.718423791028,3.81561449073331,1.81675143116031,1098,2665,10.294282266476,6.38567011274898,-0.451798802584413,-3.95514267194415,6.96689768090835,-1.19334626468355,-0.548745002103068,27.3539949609006
"280","2019-09-10",1.70651575906415,1.95332394952459,1.76754434978967,4.43831658269573,125,-1605,0.621228921065509,-1.69332900501047,1.79357289418398,10.4955729050735,0.818366147369609,2.70717257665396,4.91054331830973,11.4823242570237
"281","2019-09-03",0.103943898055903,0.340149790991617,0.586719628157795,3.03395870255354,-967,-2968,-0.948421400618926,-2.77966056926839,8.32565842194573,-0.467957254117479,-9.3743748388162,-0.258769236840628,4.93734985760721,21.7324433059334
"282","2019-08-27",0.973011064025897,-0.26458616169549,-0.00588451636804876,-14.1353198465413,2139,15286,6.3416052092558,17.1038023220721,-8.231038957822,-27.3257380296066,8.27121103981376,-14.0527471421096,-2.26515090952351,-9.16123816034933
"283","2019-08-20",3.83028110205768,-4.49699834803692,4.55438846019582,-2.62935387689271,-925,-5108,32.7515503546778,11.4909767389202,-3.13352312909156,24.02272814978,-3.4633296511652,-5.71613869069338,-9.53534071586013,-0.568912237781305
"284","2019-08-13",-2.23696015645878,1.95077725100248,-1.87578216199729,-0.733789739833846,-1083,4080,-15.440081626662,-2.91456813673783,0.957313903484724,20.3440245087659,2.80797869842822,-4.43708847853337,1.96814112190502,3.28475601686051
"285","2019-08-06",-0.943082586638866,2.02627259857717,-1.23651704220489,-1.55172670173656,479,5085,-11.8935394822145,-0.947525263614324,3.06693725724596,-21.7491440782895,1.9234637783395,-0.93158557369879,0.130463162666494,6.00800176044256
"286","2019-07-30",-0.203737059603348,1.71291030291378,-0.203221615295135,-5.55984819892661,-30,8392,-8.16689704882858,4.45406580565511,1.72437139632358,17.8035292295085,3.16391954534048,-8.71782248363324,-1.87061900485777,-5.52203968096467
"287","2019-07-23",-0.281386056461841,0.0824035146070656,0.294536777298937,2.71499381169455,-1229,-2424,-1.88545871157828,-1.75230881033954,3.02064663832731,-10.4312846625382,-3.88285050164718,-0.305437954388488,3.35883799553738,18.4294651604478
"288","2019-07-16",1.07227513952797,2.99999473308148,1.4669486453645,-3.6179053664517,-688,8884,-7.99394498903894,5.66474794068412,0.226770322249514,11.8166658671043,7.78272275026062,-1.21239982966515,-2.72825924371514,-18.4348517854593
"289","2019-07-09",4.74574848371905,5.03860506682603,3.90962403321282,1.54076677652739,2431,8130,3.2772502906818,5.73772707507096,1.96954718376574,-4.26672077076606,10.537623557248,-3.87904426140455,-3.28107762017229,20.8033194780052
"290","2019-07-02",1.69138123372186,1.21943704671725,2.64381917076602,-2.59802430723557,-1876,4801,4.04530090442226,6.4303974884302,-2.80118531899269,3.17196461417169,4.71994733410543,-3.78034811057439,-0.20156708928063,-1.9527038551578
"291","2019-06-25",1.85298006542141,-3.7981342885077,2.33957393173529,8.16170481828404,-875,-15139,25.7708887958584,-1.88776692475923,-7.88751929796803,31.0241651919068,-3.6041650810871,3.60462115798494,4.38374902024083,8.4811770245345
"292","2019-06-18",5.61842002850046,1.7489410713516,6.65304033902512,6.23978354141848,-1836,-3054,18.622815004062,6.96739405819198,1.63474680673588,8.11484157213371,-2.80152987334379,9.66786902281012,14.0635053650781,-4.11225984631631
"293","2019-06-11",-1.61158948150248,-6.10739509057527,-2.187742978575,6.75581510112924,1226,-18838,11.1292182637188,-9.54247675392654,0.373134761285776,-45.2458848923643,-9.22137402221068,17.5961248459943,-10.6344230297484,-1.01728530470453
"294","2019-06-04",-4.03621948496511,-4.11390149165882,-3.0361211018727,8.10781747158167,-2767,-16885,-3.83441481553444,-14.1474982098366,-3.18097478240418,12.3616429723711,-5.94957502988116,12.0519489757747,-1.50105160862193,-9.04254558044215
"295","2019-05-28",7.11014415289544,6.30206300219864,7.4906927884216,14.723959252245,-322,-8138,9.17652589016615,-1.23921170482895,0.255990149939755,14.1419917983338,9.89302402969532,18.5145993693133,9.06050748646159,-3.07878925647564
"296","2019-05-21",1.23772018489543,1.49984103968794,1.2332984361727,7.01772155262628,114,-7537,0.573928508003618,-6.87152766378016,4.08251123541099,-27.2617399444211,-3.81487841991017,12.6563362020663,8.91416248643786,-7.61217694033274
"297","2019-05-14",7.68814861026232,3.87016855132565,9.38081871543073,19.7999114697872,-4018,-25979,16.7913388285784,-8.64558817997008,10.9534671114259,-11.6979500056699,-3.50315798877112,24.0987864875899,6.28939021028518,3.03320184000935
"298","2019-05-07",-2.71962200814304,-2.21752536123017,-2.07130799894681,0.673947970978439,-1884,-5555,-3.85139395270784,-7.78809155106028,-1.85192984759901,-35.2895520096196,-1.12356477189852,1.75221466808715,-5.01106098587325,4.63740053652444
"299","2019-04-30",1.16367097973793,-0.970071946091089,1.17264382243096,0.25222980670474,4,-2323,5.84989019097879,3.14365266067309,4.63883392703615,-7.49260760457595,-3.49580258311999,-0.842496511613788,-6.82838596289894,10.3660361065261
"300","2019-04-23",1.82817982631391,1.05405099277878,1.09044417497088,-6.29136870772129,2117,13460,3.45187831883962,15.0838627551545,0.78090375719615,2.04872722584533,6.48613963564983,-6.74858800645488,-10.4791031026013,-5.16882997691486
"301","2019-04-16",-2.37230259227417,-2.76956311789078,-2.07532675693383,-4.37708787563409,-920,2312,-1.55398121165202,1.72992310322044,-0.818739303490545,0.577723217254267,-3.8138486221877,-5.47960549451432,-4.8249453998622,1.69526647684819
"302","2019-04-09",-1.33416037457845,1.20150526171159,-1.77732218134796,-8.09235162563926,1147,15374,-6.7354251070233,7.5837809491496,1.92055117329968,-9.43205706191588,-0.792925691200885,-6.90748266332495,4.2660497142716,-15.683475668375
"303","2019-04-02",0.646100013527651,0.961933588878594,0.663145416941546,2.32239987470262,-15,-1832,-0.0575404413609704,-1.65717266131278,0.106191756449547,-2.66629005035703,1.31000642887784,2.39345608469463,2.14632497705676,3.12868835738183
"304","2019-03-26",1.54474484772411,1.26507098954995,2.41188151127076,6.41904580345738,-2322,-8134,2.16818848397686,-3.59753648722734,2.62502137512115,5.76323635424458,1.94837152206819,6.35743878827828,-3.59712133535091,7.01117124022286
"305","2019-03-19",2.96078193123552,-1.81790877431443,4.50661849814438,7.57117604117639,-4380,-16838,12.8141833223889,-0.524930702879445,-9.94241586361913,-3.11673065453082,3.97263800669094,8.65204980834218,2.63994936859238,2.47582007995089
"306","2019-03-12",1.25937745722364,1.97007484063025,1.62829047746555,1.083491853122,-1111,1776,-0.117367342860319,2.55296163479652,4.760757147932,-0.734786346388638,0.306789143493802,-0.705183632845596,-0.0834078094229085,13.7032937991231
"307","2019-03-05",-0.437398745010498,2.74139303069312,-1.18606350667037,0.384210672796748,2205,4661,-6.96858697011713,-3.88881992175563,6.05351030722296,-12.4206853284763,-0.501416529646193,-0.0751626149575912,3.03778476367622,5.62298253978319
"308","2019-02-26",0.92570597551358,3.74422816380697,-1.01483132235085,-7.496059086216,5650,21010,-5.43898920948571,9.45283616374155,11.0057745690261,12.0012300045978,0.689100009423704,-8.93978957018344,-7.2372699590515,-2.68467246688235
"309","2019-02-19",3.23398554199006,2.63471452753947,2.47698201240052,-4.65680488009745,2408,13357,4.63689249421559,12.2074015646424,1.46149901615402,80.3250235621164,3.38410378817038,-9.55491452257586,3.94585592488568,-4.21682124966196
"310","2019-02-12",-9.31003171498457,-4.00510037885162,-10.2995557910905,-14.5668941713559,2011,14004,-22.8087804962286,-5.19380097488149,-17.0609039502878,10.0471848684807,6.53485598913264,-17.5488080512521,0.667006611902821,-11.7664093619801
"311","2019-02-05",-0.113001728781548,1.58439428028512,0.327924927282552,-1.08216837786941,-1189,4782,-5.01993459528727,1.91393021944268,-3.3402817554137,-2.80365303197172,6.62701841149183,-0.53129441732036,-1.62765763087727,-2.90874654859774
"312","2019-01-29",-0.0188460423867554,-3.88278615007902,0.32982973805904,5.01950586844924,-937,-15122,10.7103442410232,-5.13699201216173,-1.35796497540248,-5.89895879964857,-5.91359181452553,6.88897214897786,-3.66190507922379,1.12914799338082
"313","2019-01-22",-1.25506118137864,2.06569461791606,-1.75172769547292,-4.7988734651824,1226,11088,-10.3784823371663,1.86304599886959,-2.71125765137672,-3.22681121306783,7.78173669070892,-4.8976108105709,-4.51546142710324,-5.10738955395116
"314","2019-01-15",1.98204031848999,1.55557117583296,1.64972713567746,0.6582874457008,1061,2251,3.2189749968877,2.77536105346741,5.22548924677579,-0.88082044843496,-4.84847239793229,1.57324636441309,12.576760172195,-3.64544376237479
"315","2019-01-08",2.01160558718971,3.02061870918404,2.39247886019847,1.01353047172505,-854,4877,-0.948804303626005,3.91924239346508,10.8866611381309,-1.25192899557085,-1.9459185575144,-1.19615423714947,-1.54762223175329,14.0263169042369
"316","2020-12-29",-9.15286425047306,2.23236433450982,-12.2110725460379,-27.740931146098,6809,39560,-53.922384273349,2.36873548989447,15.8927005941502,65.491142450635,-11.1633524395211,-44.6055848946907,0.575881855216842,-24.8794445029663
"317","2020-12-21",-1.49359367363484,-2.33639934861234,-1.28940133347477,2.98361919923931,-718,-8312,2.81634992217974,-4.87834801465858,1.78746155058818,-5.43392725792149,-6.83748465323504,2.19196049707229,-3.6934582605209,15.0405511578155
"318","2020-12-15",0.00353049860475352,0.186809078567052,-1.03000103172253,-3.19998281119904,2471,3925,-0.914992823915206,0.827830868577806,-0.54067910604978,-3.14564915654962,0.0114564305706111,-0.596346038242324,2.77692060776449,-13.1959966763363
"319","2020-12-08",1.43130263413411,0.351027396098758,1.80943466732817,7.61954015797066,-667,-7842,6.7043613223893,-3.34045841272452,0.867846133943395,-10.2301602877633,-0.574435443092192,15.3341588539694,0.951509821095797,-8.76442835181166
"320","2020-12-01",2.28497705490067,1.15880145551337,1.92848906748537,0.551064127941636,1262,1841,7.4454468392009,3.20115459958643,3.85710442292737,2.10741313906304,1.52077278363496,-0.117006556163979,-8.13718149497884,2.32604119581126
"321","2020-11-24",5.11850028769043,7.4556716660453,6.20892698597597,-3.15281579514437,-1918,20370,-5.97638452915188,14.0424382197473,2.58245650132363,16.2504606851522,11.6148166313112,-12.6248467749527,12.4681461261895,17.6258517100992
"322","2020-11-17",1.96108770151575,-1.19942634732855,3.04340425128036,1.61471238635009,-2602,-4631,16.6326673232907,4.12657990872081,0.704697178814229,-18.1416196121139,0.102105514152839,1.31419613978352,-10.6700773858115,19.6347032148459
"323","2020-11-10",5.81184785489182,6.06069663882156,5.37392733494304,-0.157106510798855,2044,14546,4.74732705263694,9.32350677891201,-1.22297045503323,17.290675510235,14.6823155440876,-5.6647856341776,4.79160789636879,2.87677599162794
"324","2020-11-03",3.71667318988873,3.11724229150165,3.0682464809999,-6.3234305505059,2494,14827,6.25753790395827,8.99353320634173,1.9986627105018,0.592514526351451,6.91961992859511,-12.9386020356204,-5.56451042568185,5.34440801724596
"325","2020-10-27",-1.43544523006351,-0.0952868802519546,-1.04501502845853,4.04814279799268,-1389,-4729,-7.23007902794119,-4.14542101274993,-6.70691991603576,6.97217012919094,4.04901422283501,6.67163220179283,6.89323830532604,-4.99357998638441
"326","2020-10-20",-3.86252947406387,-4.79307554528283,-5.40449289510931,-5.17166693435698,3673,-6079,0.20450450368461,-5.55242152850095,-5.45182256320142,7.55315617243735,-6.2239363370411,-12.4829598975854,1.73121887377299,1.43875873254995
"327","2020-10-13",-7.66396184173335,-4.22913186523548,-8.17461986711425,-9.33780707783285,-174,-358,-23.7948561575344,-7.44115360232005,2.08472877338988,-20.6665471530856,-11.7221040477981,-1.44478872370666,0.00287005811880903,-18.7892158498363
"328","2020-10-06",-2.85258923647529,-1.72454732278542,-2.38971254333169,1.73517513831101,-1706,-5646,-8.91382845982456,-5.05525628158114,-0.479515119220508,-5.01408838926878,-4.93982754366975,6.06969753705791,3.33608856864291,-4.690541998926
"329","2020-09-29",-5.27733608676897,-3.29931467646567,-5.16400063512208,2.00327809498617,-1200,-9353,-17.0754447364725,-10.2588113640421,6.30671124354958,-47.1052213752861,-12.2488971718381,11.3096320093069,-9.22918388186194,7.50430455319613
"330","2020-09-22",2.57740694796347,1.843831462301,3.00850812281812,3.93641821622346,-604,-8,7.14448547342368,2.30152140924673,-2.83336321256389,6.44948062460866,4.3290431592709,2.11644300161691,9.87939022597377,8.25283983566614
"331","2020-09-15",-0.844523483316983,1.89855347531545,-2.03291530796097,-3.01934014751968,2712,7414,-19.3122535059352,-1.28173118055379,5.16264642466613,-25.140810948384,-1.56132311402057,-2.71815941160209,0.508906950747168,6.02992984131046
"332","2020-09-08",2.51739548102456,2.20188226884854,2.75876425663579,-3.0007250612357,-105,8087,4.85134902907127,6.89712734056442,-2.19198734659489,9.42748440905437,5.34641974824464,-5.23848396494504,7.40962126819582,-1.97671139835265
"333","2020-09-01",0.940776182453362,1.12519792109644,-0.490148925788247,-1.15334770173074,3693,3768,-0.41593203396566,-0.0391791626856985,-3.97784409474031,9.68262160961917,5.92941954153474,-6.24362060184396,3.37444187982765,6.84054483634693
"334","2020-08-25",-4.4102456676292,-4.80199719728862,-3.37054090939617,12.3244575214901,-3415,-23909,-1.55288552961892,-15.5775617758874,7.77138952539929,2.1361708061562,-20.1261373484787,20.6215002186227,-5.42862103627577,-5.06582106423483
"335","2020-08-18",0.240141301183705,-4.13242924459993,-0.0844521166404988,3.29837681631933,812,-12790,27.0163730474525,-3.20817653269838,-4.39369440184088,-16.1807324799218,-3.07368528779328,14.5110463241792,-5.51471279567988,-28.8477676444799
"336","2020-08-11",-1.13723444365057,-0.29523930915083,-2.14956835286948,2.61694610172736,2119,-3682,-5.68301824857258,-6.9185467789401,1.13797880864244,-9.5159905553535,0.0432309756668303,3.5107668075554,-5.24409789191296,4.56194473817533
"337","2020-08-04",3.32808186999767,5.91579455379581,3.76088980165932,3.23740798527563,-284,9163,-12.3847843870477,4.30728753365806,-1.32794701252728,50.7116273285103,15.4214352526452,-4.99608968823608,5.88785636437983,10.9979413998577
"338","2020-07-28",-2.97056545528669,-5.06231489469382,-2.62777596842465,-3.30181312974407,-1438,-7252,9.94576701899135,-1.93275958100276,-7.50828302796958,6.36920550825977,-3.59346915861352,-4.280253923476,-1.73802455186216,-6.5906535696584
"339","2020-07-21",3.4307771243137,0.768617050609954,3.09376159002017,-2.72661752525707,1525,4839,17.4583801036038,8.72276628842563,3.5182344411,-28.1309724989521,-2.47970184580772,-1.00461288610596,0.686697977417694,7.51011572953235
"340","2020-07-14",0.200226939928783,-1.43636270387137,1.64556081273375,-4.00629382389042,-3464,1405,7.78037880123961,6.54237476799029,2.41620371962323,-24.9960076778715,-10.8314460662456,0.562644921356714,7.42971742339318,-11.0345769051403
"341","2020-07-07",2.41169274987936,-3.41839050122044,5.16317230694927,20.6554643896762,-6535,-32511,24.7702836507894,-9.65420560208479,4.67984609541094,-20.0859017163252,-15.7418656591874,16.4968740197624,-3.9026030050648,49.219538882047
"342","2020-06-30",-0.354769864897442,-1.18855180858883,-1.05478094925076,-0.778167948351438,1747,-1398,2.37858339260129,-1.36351099749739,0.779902779539832,5.72447323553238,-3.90371672120526,2.97762480061667,-2.43756676176208,-14.7964044360474
"343","2020-06-23",5.7882941961175,1.48000801829884,6.12848649114444,8.37454602016212,-103,-8698,18.5218164139108,3.55296173879154,5.65218537071583,-2.02576097284979,-5.57677007921153,6.04172990319913,0.0272918317241633,18.9659052876298
"344","2020-06-16",-3.38947624653851,2.22114542085521,-4.77619767627555,-12.1410032092177,3152,21394,-20.4361605887472,3.2345490929556,-3.36908542664798,4.50158334417665,6.62075429992033,-14.415296790599,11.7861864860826,-9.45793826638397
"345","2020-06-09",-4.84094359922036,1.62307741078003,-3.57848427611618,-1.11608994372201,-3917,4916,-30.6485791799894,-6.12161291591136,0.195736260610602,16.329400778967,7.13775434384445,-0.443635887350524,-3.00367238496655,-8.67479417931651
"346","2020-06-02",4.68369884380024,0.70620491984279,4.74289998311104,-1.50195478946848,461,3441,21.5247634422068,10.9566023153292,1.82780289319169,26.6020575670602,8.53855646871757,-6.98274773264238,-17.1750286917579,4.15099514947848
"347","2020-05-26",-0.822637466583132,-7.12858458561687,-1.71162810213623,-2.85052829910235,2184,-11422,20.1576885696467,-0.658454496300998,-5.93358464718445,1.28078288110807,-1.59356852417663,-2.8730832564511,-24.5607301729867,-4.6731707422289
"348","2020-05-19",-1.61806841048104,-1.51845494620524,-1.31673949275193,4.92760656620792,-1011,-9249,-1.90826959125037,-7.39101133296494,2.28616920851472,8.11036406867256,-7.60825332126238,-1.02565001671895,-1.56002246098002,19.4011578822884
"349","2020-05-12",-4.86806127302106,-1.9227761366043,-5.51169579564839,-14.0124793770152,861,13049,-13.9974080324141,2.58276731639899,-6.32405473654067,12.9201020610294,7.92757542748035,-19.1414217766862,-9.92988561854293,-14.9625751663628
"350","2020-05-05",-0.827186003845526,0.0612879685368384,-0.669363343273055,-1.74980937733764,-502,2063,-3.81054006324746,0.267988800168517,-3.68105515845745,4.63110333496175,3.96896396363466,2.90519607774442,4.1065400226854,-17.6309204099297
"351","2020-04-28",-1.03351677013439,-1.46842495666384,-0.859141511199901,-8.28113938925128,-564,5893,0.441270806467919,5.10310918220824,-9.43258374575837,-15.5773189532416,9.10052321125203,-7.84411245905972,-3.80482939330467,-4.70243283037313
"352","2020-04-21",2.25535032349953,2.27240594605806,2.05373733211385,-10.2552798509526,812,14312,2.19804200313867,10.3966371504278,3.84183322992708,6.07713844770146,1.38907559875836,-11.4769366130176,-0.822278454552361,-18.2805307947978
"353","2020-04-14",-6.27205922017158,-5.14804459283251,-6.71940886506057,-5.89727249865035,94,-4670,-10.1456237142388,-7.22515021324934,-7.7073451594023,-3.63289942138678,-4.47588590324699,-9.0519379353136,2.31314624525218,1.17508954069621
"354","2020-04-07",-2.25420974529893,-1.93617307496492,-2.31330275267148,-3.56946730812986,-208,-573,-3.3861917853212,-1.54325837754801,-3.38020859741892,-0.787672979881471,-2.2147981260348,-4.88941977839428,3.95872219680626,-2.2278405601309
"355","2020-03-31",-1.00701310904547,-0.958173594976408,-1.35703293009435,-9.62819457525725,612,5882,-1.18230875780583,3.3477640295267,-6.52593720605381,7.17386609241082,2.27041727856516,-17.8235402828193,6.91535785985877,-3.50277033660245
"356","2020-03-24",-9.97406737058011,-9.7759095119466,-10.8579299525177,-3.67343953382431,252,-14242,-10.6893546852261,-14.9090127238807,1.17119544213562,-18.845709202308,-21.5052415583955,7.75885450741427,-11.6125242950323,-20.0942029068482
"357","2020-03-17",-0.304103249255228,-0.0508560783973877,-0.975265462023955,22.7858686674809,1252,-18721,-1.22784927071944,-18.4050874062811,0.847233322231311,-32.0677914265003,-3.10532885338084,39.1535266850768,4.729305275238,5.14558019121729
"358","2020-03-10",14.8458567433133,20.3853745933023,15.8268349210861,16.400747819211,526,21038,-8.59837366055984,15.3072940386721,9.88458346366325,44.3241930253253,42.7213156886612,13.9312730740587,-13.6381576138136,6.90138739337378
"359","2020-03-03",1.09747298147838,0.225952004882757,0.381304220745093,1.21377950870123,1826,-858,5.26375245343491,-0.382506728645815,1.55831505560151,4.10957625320378,0.268285879824148,1.98916267680467,-5.5561959252822,-5.00405780721955
"360","2020-02-25",11.740426212055,14.4140086220016,12.0907055528013,10.5912246888904,1525,19276,-1.76372232412358,13.4577969629683,-1.35638416530828,1.15114767911422,31.582089279437,9.74044802795575,-9.41866142384384,22.4786713720698
"361","2020-02-18",7.13137605206722,6.50023838425309,7.19320814718536,-0.146064335526042,1379,15919,10.5213198409867,13.3589753652341,-2.72497676737462,9.64669179321493,12.1991040717395,-7.52102578869884,8.10088694759425,19.8225750423987
"362","2020-02-11",-1.24203781876169,-2.58374635467931,-1.50265402641701,3.7443292659308,432,-11000,5.53900833392511,-5.82464724574372,4.63881947998637,-18.9246865262168,-7.40273057315051,10.1868959507117,-0.906507755673758,-3.83074740381542
"363","2020-02-04",-0.516689501155376,0.265900396959751,0.253364206448303,-2.89077585586632,-2203,4231,-4.4047252870433,2.8926461029112,-2.91271775391309,17.9566247551445,1.41463980680729,-5.04224071094068,6.38976410566503,-9.03988466032946
"364","2020-01-28",-1.84035326284668,-2.05784569158638,-1.57585151894413,4.57329074867818,-1082,-10693,-0.74147903809525,-6.8863626276416,-5.69113291185932,6.27793695020173,0.519963075261742,5.1367581382209,-4.05847276775724,0.994577027616295
"365","2020-01-21",-0.876276505993978,-4.73435639488002,-1.2436951855916,-5.86051556315947,803,-3794,16.5159047188027,2.79960024585826,-8.83032329664406,-27.7308440212398,-4.89236775748889,0.328407520119001,11.0921108537926,-15.7325321920712
"366","2020-01-14",-6.62428398989672,-6.81839843785816,-6.11839729458836,-4.0781561388096,-2555,-10233,-5.84032789328663,-7.86212482663888,-0.303558760909795,-9.36822223848885,-10.3474153424955,-0.999934220793008,-9.39535752812244,-15.668034234416
"367","2020-01-07",-3.02802261781014,-3.3915939735726,-2.8817451566427,-7.50035461039111,-882,1251,-1.58003970749228,0.974214804615414,4.49491995113398,-19.9494570657361,-6.30002576034308,-5.95730996431296,-17.9000436013439,-6.86673978195795
"368","2021-03-09",6.94431821857258,14.7499430308097,8.53867171599987,0.725582161912719,-2950,31988,-31.6828009944553,14.3789156942761,39.6886397616745,83.878178868356,-20.4009353289067,-28.1486348401351,60.8984830523703,40.8425171696335
"369","2021-03-02",3.49367034481443,3.76529075911467,3.6206511457781,3.93213359659086,148,4831,1.77106410657224,3.40263177394728,1.37480763821394,7.27370704578103,7.41366627164428,4.21304259712798,2.00086707086715,-0.507977208531685
"370","2021-02-23",1.19066764377358,-2.00195558761376,1.63853761385599,0.0719708948793141,-1071,-4999,19.529126405976,2.72347518320242,-3.37555534985121,-5.79854948819563,-4.16006175370036,1.47244182367334,8.63152511304222,2.43602355191488
"371","2021-02-16",-0.742677802091762,-1.88560709936869,-0.36124335763521,0.014210348710364,-1148,-4559,4.96089290931909,-0.618654090940396,-1.42587717035703,-2.09096227683609,-4.44448896005074,2.40689126028979,3.05056140120463,-4.85961733081908
"372","2021-02-09",-0.733550719123066,-3.11938858427681,-0.303367170739222,-0.445030640502608,-1269,-6830,10.0358636365918,-0.206051377843508,-3.21202832425378,-2.21398542265661,-3.7199361950222,-1.88298400058233,-1.41183956016135,5.64563809681875
"373","2021-02-02",2.44602325896128,1.19156197170209,1.73023039662255,-2.89607758889829,2275,5973,7.58311962476661,4.78503581878211,-1.92176372341741,-17.9729101297166,3.66685314138735,3.87551563368902,4.49837248487253,-9.20022217173173
"374","2021-01-26",1.69739257236312,-0.0717872053048296,1.9831098497928,0.563139310471428,-596,-783,8.42216633209993,2.87499565897971,-4.08285801360702,-1.28539845928923,3.12846967412206,2.05071791959206,3.41679444734346,-2.70143800750393
"375","2021-01-19",0.109952744810649,2.16916321305778,0.740847379123011,6.02824192372289,-1798,-1675,-7.773635913947,-2.6884621541992,-0.734861438544421,7.82783146099995,2.66748742709524,4.3655176610276,8.32586213987536,9.90504521730688
"376","2021-01-12",-2.88156970795423,-2.39211729601205,-3.68037746905188,-0.400553557140881,1930,-5186,-4.87598631285895,-5.96496210479653,0.538067276916543,-1.52028708521108,-4.32240676569027,-0.461565619989734,-5.36919251033066,0.79555613756277
"377","2021-01-05",-2.52332834234004,-0.323545722356222,-3.14632530083827,-3.29653419356024,1373,3003,-12.1484021792066,-3.03888533792112,-0.971203296648682,5.84905730152681,4.29255124486296,-6.05963082861258,-9.56580706885273,-3.06280191278763
